"location_id","location_type","avg_income","date","daily_footfall","daily_avg_dwell","daily_vehicle_count","temp_c","is_rain","total_revenue","avg_transaction_value","revenue_per_visitor"
286,street,4700.00,2024-09-23,639,11.18,332,,,,,
287,market,4400.00,2024-09-23,581,10.51,294,,,,,
288,residential_commercial,4900.00,2024-09-23,436,9.80,214,,,,,
289,industrial_zone,4800.00,2024-09-23,472,10.06,232,,,,,
290,transport_hub,4600.00,2024-09-23,559,10.84,287,,,,,
291,street,4500.00,2024-09-23,584,10.90,320,,,,,
292,market,4200.00,2024-09-23,612,11.04,335,,,,,
293,industrial_zone,4700.00,2024-09-23,470,11.50,255,,,,,
286,street,4700.00,2024-09-23,639,11.18,332,,,,,
287,market,4400.00,2024-09-23,581,10.51,294,,,,,
288,residential_commercial,4900.00,2024-09-23,436,9.80,214,,,,,
279,residential_commercial,5200.00,2024-09-23,507,13.44,264,,,,,
289,industrial_zone,4800.00,2024-09-23,472,10.06,232,,,,,
278,industrial_zone,4900.00,2024-09-23,365,14.18,188,,,,,
290,transport_hub,4600.00,2024-09-23,559,10.84,287,,,,,
281,street,4600.00,2024-09-23,980,13.64,507,,,,,
282,market,4300.00,2024-09-23,834,12.21,437,,,,,
283,industrial_zone,4800.00,2024-09-23,836,12.23,437,,,,,
284,residential_commercial,5000.00,2024-09-23,767,11.79,395,,,,,
285,transport_hub,4500.00,2024-09-23,665,11.25,345,,,,,
286,street,4700.00,2024-09-23,639,11.18,332,,,,,
287,market,4400.00,2024-09-23,581,10.51,294,,,,,
288,residential_commercial,4900.00,2024-09-23,436,9.80,214,,,,,
289,industrial_zone,4800.00,2024-09-23,472,10.06,232,,,,,
290,transport_hub,4600.00,2024-09-23,559,10.84,287,,,,,
291,street,4500.00,2024-09-23,584,10.90,320,,,,,
292,market,4200.00,2024-09-23,612,11.04,335,,,,,
293,industrial_zone,4700.00,2024-09-23,470,11.50,255,,,,,
281,street,4600.00,2024-09-23,980,13.64,507,,,,,
282,market,4300.00,2024-09-23,834,12.21,437,,,,,
283,industrial_zone,4800.00,2024-09-23,836,12.23,437,,,,,
284,residential_commercial,5000.00,2024-09-23,767,11.79,395,,,,,
285,transport_hub,4500.00,2024-09-23,665,11.25,345,,,,,
286,street,4700.00,2024-09-23,639,11.18,332,,,,,
287,market,4400.00,2024-09-23,581,10.51,294,,,,,
288,residential_commercial,4900.00,2024-09-23,436,9.80,214,,,,,
289,industrial_zone,4800.00,2024-09-23,472,10.06,232,,,,,
290,transport_hub,4600.00,2024-09-23,559,10.84,287,,,,,
291,street,4500.00,2024-09-23,584,10.90,320,,,,,
292,market,4200.00,2024-09-23,612,11.04,335,,,,,
293,industrial_zone,4700.00,2024-09-23,470,11.50,255,,,,,
275,street,5200.00,2024-09-23,358,14.10,186,,,,,
281,street,4600.00,2024-09-23,980,13.64,507,,,,,
280,transport_hub,4800.00,2024-09-23,299,13.02,155,,,,,
282,market,4300.00,2024-09-23,834,12.21,437,,,,,
277,market,4700.00,2024-09-23,455,13.47,234,,,,,
283,industrial_zone,4800.00,2024-09-23,836,12.23,437,,,,,
284,residential_commercial,5000.00,2024-09-23,767,11.79,395,,,,,
285,transport_hub,4500.00,2024-09-23,665,11.25,345,,,,,
281,street,4600.00,2024-09-23,980,13.64,507,,,,,
282,market,4300.00,2024-09-23,834,12.21,437,,,,,
276,street,5000.00,2024-09-23,438,13.36,228,,,,,
283,industrial_zone,4800.00,2024-09-23,836,12.23,437,,,,,
284,residential_commercial,5000.00,2024-09-23,767,11.79,395,,,,,
285,transport_hub,4500.00,2024-09-23,665,11.25,345,,,,,
178,industrial_zone,8200.00,2024-09-22,1029,10.37,468,,,,,
179,residential_commercial,9500.00,2024-09-22,1090,10.76,503,,,,,
180,transport_hub,9000.00,2024-09-22,1044,10.39,483,,,,,
181,street,17500.00,2024-09-22,1058,10.44,486,,,,,
182,commercial_area,18200.00,2024-09-22,1049,10.42,481,,,,,
183,commercial_area,16800.00,2024-09-22,1099,10.91,502,,,,,
184,residential_commercial,16000.00,2024-09-22,1226,11.57,576,,,,,
185,transport_hub,15500.00,2024-09-22,1251,12.19,597,,,,,
186,street,4700.00,2024-09-22,1235,12.04,587,,,,,
187,industrial_zone,5000.00,2024-09-22,1342,12.91,639,,,,,
188,market,4500.00,2024-09-22,1311,12.68,616,,,,,
189,residential_commercial,4800.00,2024-09-22,1365,13.08,643,,,,,
190,street,5000.00,2024-09-22,1406,13.25,671,,,,,
196,transport_hub,5600.00,2024-09-22,1569,14.70,751,,,,,
197,commercial_area,6000.00,2024-09-22,1794,15.66,874,,,,,
198,market,5400.00,2024-09-22,1716,15.19,842,,,,,
199,residential_commercial,5800.00,2024-09-22,1879,16.22,909,,,,,
242,market,4600.00,2024-09-22,1964,19.03,959,,,,,
241,street,4900.00,2024-09-22,2064,19.79,997,,,,,
240,street,5200.00,2024-09-22,2106,20.30,1014,,,,,
239,industrial_zone,5000.00,2024-09-22,2252,21.31,1084,,,,,
238,residential_commercial,4800.00,2024-09-22,2142,20.57,1039,,,,,
237,market,4300.00,2024-09-22,2218,21.29,1070,,,,,
236,transport_hub,4600.00,2024-09-22,2066,19.94,995,,,,,
230,transport_hub,3800.00,2024-09-22,2314,22.08,1116,,,,,
229,residential_commercial,4000.00,2024-09-22,2248,21.47,1076,,,,,
228,industrial_zone,4200.00,2024-09-22,2368,21.02,1137,,,,,
227,market,3700.00,2024-09-22,2140,20.27,1031,,,,,
226,street,3900.00,2024-09-22,2035,19.41,981,,,,,
225,street,4700.00,2024-09-22,2085,19.94,1007,,,,,
224,residential_commercial,4400.00,2024-09-22,2292,21.55,1104,,,,,
223,industrial_zone,4500.00,2024-09-22,2036,19.65,980,,,,,
222,market,4000.00,2024-09-22,2184,20.63,1044,,,,,
221,transport_hub,4300.00,2024-09-22,1942,19.40,936,,,,,
220,street,5200.00,2024-09-22,1892,17.76,914,,,,,
219,residential_commercial,5000.00,2024-09-22,1986,18.54,966,,,,,
218,transport_hub,4700.00,2024-09-22,2066,19.23,1001,,,,,
217,market,4600.00,2024-09-22,1843,17.43,893,,,,,
216,street,4900.00,2024-09-22,1941,18.16,940,,,,,
215,transport_hub,4600.00,2024-09-22,1873,17.70,909,,,,,
214,street,5000.00,2024-09-22,1917,17.76,927,,,,,
213,residential_commercial,4800.00,2024-09-22,1827,17.14,882,,,,,
212,market,4400.00,2024-09-22,1922,17.86,930,,,,,
211,street,4700.00,2024-09-22,1793,16.85,868,,,,,
240,street,5200.00,2024-09-22,2106,20.30,1014,,,,,
239,industrial_zone,5000.00,2024-09-22,2252,21.31,1084,,,,,
238,residential_commercial,4800.00,2024-09-22,2142,20.57,1039,,,,,
263,governmental_zone,15500.00,2024-09-22,2124,21.09,1061,,,,,
272,market,4400.00,2024-09-22,1707,18.23,835,,,,,
260,transport_hub,11500.00,2024-09-22,1846,18.52,909,,,,,
237,market,4300.00,2024-09-22,2218,21.29,1070,,,,,
161,commercial_area,17800.00,2024-09-22,926,9.23,425,,,,,
259,commercial_area,13000.00,2024-09-22,1864,18.40,928,,,,,
206,industrial_zone,5300.00,2024-09-22,1733,16.42,849,,,,,
275,street,5200.00,2024-09-22,840,14.65,434,,,,,
257,commercial_area,12200.00,2024-09-22,1880,18.71,933,,,,,
247,market,4500.00,2024-09-22,2052,19.74,1003,,,,,
141,street,9800.00,2024-09-22,1174,11.11,528,,,,,
159,industrial_zone,8500.00,2024-09-22,981,9.84,441,,,,,
248,residential_commercial,5000.00,2024-09-22,1946,18.96,947,,,,,
273,residential_commercial,4900.00,2024-09-22,1621,17.04,806,,,,,
203,street,5200.00,2024-09-22,1823,16.65,883,,,,,
249,industrial_zone,4700.00,2024-09-22,2176,21.01,1062,,,,,
205,transport_hub,4900.00,2024-09-22,1750,16.64,859,,,,,
162,street,17000.00,2024-09-22,1001,9.92,458,,,,,
236,transport_hub,4600.00,2024-09-22,2066,19.94,995,,,,,
230,transport_hub,3800.00,2024-09-22,2314,22.08,1116,,,,,
229,residential_commercial,4000.00,2024-09-22,2248,21.47,1076,,,,,
228,industrial_zone,4200.00,2024-09-22,2368,21.02,1137,,,,,
227,market,3700.00,2024-09-22,2140,20.27,1031,,,,,
226,street,3900.00,2024-09-22,2035,19.41,981,,,,,
221,transport_hub,4300.00,2024-09-22,1942,19.40,936,,,,,
221,transport_hub,4300.00,2024-09-22,1942,19.40,936,,,,,
221,transport_hub,4300.00,2024-09-22,1942,19.40,936,,,,,
221,transport_hub,4300.00,2024-09-22,1942,19.40,936,,,,,
221,transport_hub,4300.00,2024-09-22,1942,19.40,936,,,,,
245,transport_hub,4700.00,2024-09-22,2048,19.74,1001,,,,,
244,industrial_zone,4800.00,2024-09-22,2154,20.48,1051,,,,,
243,residential_commercial,5000.00,2024-09-22,2244,21.43,1086,,,,,
242,market,4600.00,2024-09-22,1964,19.03,959,,,,,
241,street,4900.00,2024-09-22,2064,19.79,997,,,,,
240,street,5200.00,2024-09-22,2106,20.30,1014,,,,,
239,industrial_zone,5000.00,2024-09-22,2252,21.31,1084,,,,,
238,residential_commercial,4800.00,2024-09-22,2142,20.57,1039,,,,,
237,market,4300.00,2024-09-22,2218,21.29,1070,,,,,
236,transport_hub,4600.00,2024-09-22,2066,19.94,995,,,,,
230,transport_hub,3800.00,2024-09-22,2314,22.08,1116,,,,,
229,residential_commercial,4000.00,2024-09-22,2248,21.47,1076,,,,,
228,industrial_zone,4200.00,2024-09-22,2368,21.02,1137,,,,,
227,market,3700.00,2024-09-22,2140,20.27,1031,,,,,
226,street,3900.00,2024-09-22,2035,19.41,981,,,,,
225,street,4700.00,2024-09-22,2085,19.94,1007,,,,,
224,residential_commercial,4400.00,2024-09-22,2292,21.55,1104,,,,,
223,industrial_zone,4500.00,2024-09-22,2036,19.65,980,,,,,
222,market,4000.00,2024-09-22,2184,20.63,1044,,,,,
221,transport_hub,4300.00,2024-09-22,1942,19.40,936,,,,,
220,street,5200.00,2024-09-22,1892,17.76,914,,,,,
219,residential_commercial,5000.00,2024-09-22,1986,18.54,966,,,,,
218,transport_hub,4700.00,2024-09-22,2066,19.23,1001,,,,,
217,market,4600.00,2024-09-22,1843,17.43,893,,,,,
216,street,4900.00,2024-09-22,1941,18.16,940,,,,,
215,transport_hub,4600.00,2024-09-22,1873,17.70,909,,,,,
214,street,5000.00,2024-09-22,1917,17.76,927,,,,,
213,residential_commercial,4800.00,2024-09-22,1827,17.14,882,,,,,
212,market,4400.00,2024-09-22,1922,17.86,930,,,,,
211,street,4700.00,2024-09-22,1793,16.85,868,,,,,
190,street,5000.00,2024-09-22,1406,13.25,671,,,,,
189,residential_commercial,4800.00,2024-09-22,1365,13.08,643,,,,,
188,market,4500.00,2024-09-22,1311,12.68,616,,,,,
187,industrial_zone,5000.00,2024-09-22,1342,12.91,639,,,,,
204,residential_commercial,5000.00,2024-09-22,1743,16.29,843,,,,,
262,commercial_area,16000.00,2024-09-22,2529,23.93,1254,,,,,
175,residential_commercial,6000.00,2024-09-22,965,9.81,455,,,,,
186,street,4700.00,2024-09-22,1235,12.04,587,,,,,
266,street,5100.00,2024-09-22,2047,20.68,1025,,,,,
202,market,4800.00,2024-09-22,1784,15.71,876,,,,,
256,street,11800.00,2024-09-22,1930,19.11,959,,,,,
158,residential_commercial,9300.00,2024-09-22,1060,10.40,476,,,,,
279,residential_commercial,5200.00,2024-09-22,539,13.84,279,,,,,
278,industrial_zone,4900.00,2024-09-22,850,14.72,439,,,,,
258,residential_commercial,12000.00,2024-09-22,2030,19.79,1005,,,,,
254,commercial_area,8500.00,2024-09-22,1956,19.05,953,,,,,
261,residential_commercial,14500.00,2024-09-22,1764,17.79,868,,,,,
277,market,4700.00,2024-09-22,697,14.64,354,,,,,
140,transport_hub,4400.00,2024-09-22,518,11.20,231,,,,,
274,industrial_zone,4600.00,2024-09-22,1516,16.58,756,,,,,
185,transport_hub,15500.00,2024-09-22,1251,12.19,597,,,,,
184,residential_commercial,16000.00,2024-09-22,1226,11.57,576,,,,,
183,commercial_area,16800.00,2024-09-22,1099,10.91,502,,,,,
182,commercial_area,18200.00,2024-09-22,1049,10.42,481,,,,,
181,street,17500.00,2024-09-22,1058,10.44,486,,,,,
180,transport_hub,9000.00,2024-09-22,1044,10.39,483,,,,,
179,residential_commercial,9500.00,2024-09-22,1090,10.76,503,,,,,
178,industrial_zone,8200.00,2024-09-22,1029,10.37,468,,,,,
177,commercial_area,11200.00,2024-09-22,1021,10.16,476,,,,,
280,transport_hub,4800.00,2024-09-22,824,14.43,420,,,,,
250,transport_hub,4600.00,2024-09-22,1996,19.38,975,,,,,
160,transport_hub,8300.00,2024-09-22,931,9.29,430,,,,,
255,educational_zone,8200.00,2024-09-22,1934,19.18,960,,,,,
252,industrial_zone,7800.00,2024-09-22,2044,19.67,999,,,,,
265,transport_hub,15000.00,2024-09-22,2419,23.22,1207,,,,,
253,industrial_zone,7600.00,2024-09-22,2012,19.10,980,,,,,
276,street,5000.00,2024-09-22,594,13.70,308,,,,,
264,commercial_area,17000.00,2024-09-22,1714,17.74,865,,,,,
251,street,8300.00,2024-09-22,1942,18.96,949,,,,,
230,transport_hub,3800.00,2024-09-22,2314,22.08,1116,,,,,
229,residential_commercial,4000.00,2024-09-22,2248,21.47,1076,,,,,
228,industrial_zone,4200.00,2024-09-22,2368,21.02,1137,,,,,
227,market,3700.00,2024-09-22,2140,20.27,1031,,,,,
226,street,3900.00,2024-09-22,2035,19.41,981,,,,,
225,street,4700.00,2024-09-22,2085,19.94,1007,,,,,
224,residential_commercial,4400.00,2024-09-22,2292,21.55,1104,,,,,
223,industrial_zone,4500.00,2024-09-22,2036,19.65,980,,,,,
222,market,4000.00,2024-09-22,2184,20.63,1044,,,,,
221,transport_hub,4300.00,2024-09-22,1942,19.40,936,,,,,
220,street,5200.00,2024-09-22,1892,17.76,914,,,,,
219,residential_commercial,5000.00,2024-09-22,1986,18.54,966,,,,,
218,transport_hub,4700.00,2024-09-22,2066,19.23,1001,,,,,
217,market,4600.00,2024-09-22,1843,17.43,893,,,,,
216,street,4900.00,2024-09-22,1941,18.16,940,,,,,
227,market,3700.00,2024-09-22,2140,20.27,1031,,,,,
227,market,3700.00,2024-09-22,2140,20.27,1031,,,,,
227,market,3700.00,2024-09-22,2140,20.27,1031,,,,,
227,market,3700.00,2024-09-22,2140,20.27,1031,,,,,
227,market,3700.00,2024-09-22,2140,20.27,1031,,,,,
267,market,4800.00,2024-09-22,1680,17.61,845,,,,,
268,industrial_zone,5000.00,2024-09-22,2158,21.62,1072,,,,,
269,residential_commercial,5300.00,2024-09-22,1896,19.63,926,,,,,
270,transport_hub,4900.00,2024-09-22,1615,17.30,810,,,,,
271,street,4700.00,2024-09-22,1887,19.60,939,,,,,
143,residential_commercial,9600.00,2024-09-22,1251,11.92,570,,,,,
144,residential_commercial,9400.00,2024-09-22,1235,11.64,557,,,,,
145,transport_hub,9000.00,2024-09-22,1183,11.36,540,,,,,
146,street,9200.00,2024-09-22,1181,10.52,533,,,,,
147,market,8900.00,2024-09-22,1016,9.85,453,,,,,
148,residential_commercial,9400.00,2024-09-22,1025,10.06,457,,,,,
149,industrial_zone,8600.00,2024-09-22,1100,10.53,494,,,,,
150,educational_zone,9100.00,2024-09-22,1054,10.22,471,,,,,
151,residential_commercial,16500.00,2024-09-22,1016,9.94,467,,,,,
152,commercial_area,17200.00,2024-09-22,1110,10.58,499,,,,,
153,street,16000.00,2024-09-22,970,10.23,429,,,,,
154,residential_commercial,16800.00,2024-09-22,1031,9.96,461,,,,,
155,transport_hub,15500.00,2024-09-22,980,9.69,444,,,,,
156,street,8900.00,2024-09-22,1017,9.97,461,,,,,
157,commercial_area,9100.00,2024-09-22,992,9.73,458,,,,,
163,residential_commercial,17500.00,2024-09-22,961,9.56,441,,,,,
164,residential_commercial,16800.00,2024-09-22,1007,9.99,468,,,,,
165,transport_hub,16200.00,2024-09-22,936,9.30,427,,,,,
166,street,7600.00,2024-09-22,887,8.92,420,,,,,
167,commercial_area,7800.00,2024-09-22,896,8.92,426,,,,,
168,residential_commercial,8000.00,2024-09-22,969,9.75,454,,,,,
169,industrial_zone,7200.00,2024-09-22,953,9.47,451,,,,,
170,transport_hub,7000.00,2024-09-22,904,9.11,430,,,,,
171,transport_hub,5900.00,2024-09-22,955,9.38,449,,,,,
172,street,5600.00,2024-09-22,952,9.54,444,,,,,
192,street,5000.00,2024-09-22,1492,13.67,714,,,,,
193,commercial_area,5400.00,2024-09-22,1573,14.35,762,,,,,
194,market,4900.00,2024-09-22,1553,14.16,747,,,,,
195,industrial_zone,5100.00,2024-09-22,1443,13.26,686,,,,,
196,transport_hub,5600.00,2024-09-22,1569,14.70,751,,,,,
197,commercial_area,6000.00,2024-09-22,1794,15.66,874,,,,,
198,market,5400.00,2024-09-22,1716,15.19,842,,,,,
199,residential_commercial,5800.00,2024-09-22,1879,16.22,909,,,,,
200,street,6200.00,2024-09-22,1772,15.63,871,,,,,
201,street,5100.00,2024-09-22,1737,15.36,851,,,,,
207,industrial_zone,5200.00,2024-09-22,1665,15.88,813,,,,,
208,market,5000.00,2024-09-22,1764,16.61,856,,,,,
209,residential_commercial,5400.00,2024-09-22,1891,16.80,909,,,,,
210,transport_hub,5100.00,2024-09-22,1797,16.98,871,,,,,
211,street,4700.00,2024-09-22,1793,16.85,868,,,,,
212,market,4400.00,2024-09-22,1922,17.86,930,,,,,
213,residential_commercial,4800.00,2024-09-22,1827,17.14,882,,,,,
214,street,5000.00,2024-09-22,1917,17.76,927,,,,,
215,transport_hub,4600.00,2024-09-22,1873,17.70,909,,,,,
216,street,4900.00,2024-09-22,1941,18.16,940,,,,,
222,market,4000.00,2024-09-22,2184,20.63,1044,,,,,
223,industrial_zone,4500.00,2024-09-22,2036,19.65,980,,,,,
224,residential_commercial,4400.00,2024-09-22,2292,21.55,1104,,,,,
225,street,4700.00,2024-09-22,2085,19.94,1007,,,,,
226,street,3900.00,2024-09-22,2035,19.41,981,,,,,
227,market,3700.00,2024-09-22,2140,20.27,1031,,,,,
228,industrial_zone,4200.00,2024-09-22,2368,21.02,1137,,,,,
229,residential_commercial,4000.00,2024-09-22,2248,21.47,1076,,,,,
230,transport_hub,3800.00,2024-09-22,2314,22.08,1116,,,,,
231,street,5100.00,2024-09-22,2282,21.77,1096,,,,,
183,commercial_area,16800.00,2024-09-22,1099,10.91,502,,,,,
184,residential_commercial,16000.00,2024-09-22,1226,11.57,576,,,,,
185,transport_hub,15500.00,2024-09-22,1251,12.19,597,,,,,
186,street,4700.00,2024-09-22,1235,12.04,587,,,,,
187,industrial_zone,5000.00,2024-09-22,1342,12.91,639,,,,,
178,industrial_zone,8200.00,2024-09-22,1029,10.37,468,,,,,
179,residential_commercial,9500.00,2024-09-22,1090,10.76,503,,,,,
180,transport_hub,9000.00,2024-09-22,1044,10.39,483,,,,,
181,street,17500.00,2024-09-22,1058,10.44,486,,,,,
182,commercial_area,18200.00,2024-09-22,1049,10.42,481,,,,,
173,market,5300.00,2024-09-22,956,9.66,441,,,,,
173,market,5300.00,2024-09-22,956,9.66,441,,,,,
173,market,5300.00,2024-09-22,956,9.66,441,,,,,
173,market,5300.00,2024-09-22,956,9.66,441,,,,,
173,market,5300.00,2024-09-22,956,9.66,441,,,,,
174,street,5800.00,2024-09-22,1039,10.25,478,,,,,
174,street,5800.00,2024-09-22,1039,10.25,478,,,,,
174,street,5800.00,2024-09-22,1039,10.25,478,,,,,
174,street,5800.00,2024-09-22,1039,10.25,478,,,,,
174,street,5800.00,2024-09-22,1039,10.25,478,,,,,
176,street,9800.00,2024-09-22,956,9.60,448,,,,,
195,industrial_zone,5100.00,2024-09-22,1443,13.26,686,,,,,
194,market,4900.00,2024-09-22,1553,14.16,747,,,,,
193,commercial_area,5400.00,2024-09-22,1573,14.35,762,,,,,
192,street,5000.00,2024-09-22,1492,13.67,714,,,,,
191,transport_hub,5200.00,2024-09-22,1534,13.99,740,,,,,
200,street,6200.00,2024-09-22,1772,15.63,871,,,,,
199,residential_commercial,5800.00,2024-09-22,1879,16.22,909,,,,,
198,market,5400.00,2024-09-22,1716,15.19,842,,,,,
197,commercial_area,6000.00,2024-09-22,1794,15.66,874,,,,,
196,transport_hub,5600.00,2024-09-22,1569,14.70,751,,,,,
190,street,5000.00,2024-09-22,1406,13.25,671,,,,,
189,residential_commercial,4800.00,2024-09-22,1365,13.08,643,,,,,
188,market,4500.00,2024-09-22,1311,12.68,616,,,,,
187,industrial_zone,5000.00,2024-09-22,1342,12.91,639,,,,,
186,street,4700.00,2024-09-22,1235,12.04,587,,,,,
185,transport_hub,15500.00,2024-09-22,1251,12.19,597,,,,,
184,residential_commercial,16000.00,2024-09-22,1226,11.57,576,,,,,
183,commercial_area,16800.00,2024-09-22,1099,10.91,502,,,,,
182,commercial_area,18200.00,2024-09-22,1049,10.42,481,,,,,
181,street,17500.00,2024-09-22,1058,10.44,486,,,,,
180,transport_hub,9000.00,2024-09-22,1044,10.39,483,,,,,
179,residential_commercial,9500.00,2024-09-22,1090,10.76,503,,,,,
178,industrial_zone,8200.00,2024-09-22,1029,10.37,468,,,,,
177,commercial_area,11200.00,2024-09-22,1021,10.16,476,,,,,
176,street,9800.00,2024-09-22,956,9.60,448,,,,,
195,industrial_zone,5100.00,2024-09-22,1443,13.26,686,,,,,
194,market,4900.00,2024-09-22,1553,14.16,747,,,,,
193,commercial_area,5400.00,2024-09-22,1573,14.35,762,,,,,
192,street,5000.00,2024-09-22,1492,13.67,714,,,,,
191,transport_hub,5200.00,2024-09-22,1534,13.99,740,,,,,
200,street,6200.00,2024-09-22,1772,15.63,871,,,,,
215,transport_hub,4600.00,2024-09-22,1873,17.70,909,,,,,
214,street,5000.00,2024-09-22,1917,17.76,927,,,,,
213,residential_commercial,4800.00,2024-09-22,1827,17.14,882,,,,,
212,market,4400.00,2024-09-22,1922,17.86,930,,,,,
211,street,4700.00,2024-09-22,1793,16.85,868,,,,,
142,commercial_area,10200.00,2024-09-22,1182,11.16,536,,,,,
142,commercial_area,10200.00,2024-09-22,1182,11.16,536,,,,,
142,commercial_area,10200.00,2024-09-22,1182,11.16,536,,,,,
142,commercial_area,10200.00,2024-09-22,1182,11.16,536,,,,,
142,commercial_area,10200.00,2024-09-22,1182,11.16,536,,,,,
232,market,4800.00,2024-09-22,2222,21.06,1063,,,,,
233,residential_commercial,5200.00,2024-09-22,2384,22.84,1144,,,,,
234,transport_hub,5000.00,2024-09-22,2298,21.33,1101,,,,,
235,street,5400.00,2024-09-22,2076,20.21,990,,,,,
236,transport_hub,4600.00,2024-09-22,2066,19.94,995,,,,,
242,market,4600.00,2024-09-22,1964,19.03,959,,,,,
243,residential_commercial,5000.00,2024-09-22,2244,21.43,1086,,,,,
244,industrial_zone,4800.00,2024-09-22,2154,20.48,1051,,,,,
245,transport_hub,4700.00,2024-09-22,2048,19.74,1001,,,,,
246,street,4800.00,2024-09-22,2040,20.01,998,,,,,
237,market,4300.00,2024-09-22,2218,21.29,1070,,,,,
238,residential_commercial,4800.00,2024-09-22,2142,20.57,1039,,,,,
239,industrial_zone,5000.00,2024-09-22,2252,21.31,1084,,,,,
240,street,5200.00,2024-09-22,2106,20.30,1014,,,,,
241,street,4900.00,2024-09-22,2064,19.79,997,,,,,
176,street,9800.00,2024-09-22,956,9.60,448,,,,,
177,commercial_area,11200.00,2024-09-22,1021,10.16,476,,,,,
178,industrial_zone,8200.00,2024-09-22,1029,10.37,468,,,,,
179,residential_commercial,9500.00,2024-09-22,1090,10.76,503,,,,,
180,transport_hub,9000.00,2024-09-22,1044,10.39,483,,,,,
177,commercial_area,11200.00,2024-09-22,1021,10.16,476,,,,,
177,commercial_area,11200.00,2024-09-22,1021,10.16,476,,,,,
177,commercial_area,11200.00,2024-09-22,1021,10.16,476,,,,,
177,commercial_area,11200.00,2024-09-22,1021,10.16,476,,,,,
177,commercial_area,11200.00,2024-09-22,1021,10.16,476,,,,,
181,street,17500.00,2024-09-22,1058,10.44,486,,,,,
182,commercial_area,18200.00,2024-09-22,1049,10.42,481,,,,,
183,commercial_area,16800.00,2024-09-22,1099,10.91,502,,,,,
184,residential_commercial,16000.00,2024-09-22,1226,11.57,576,,,,,
185,transport_hub,15500.00,2024-09-22,1251,12.19,597,,,,,
186,street,4700.00,2024-09-22,1235,12.04,587,,,,,
187,industrial_zone,5000.00,2024-09-22,1342,12.91,639,,,,,
188,market,4500.00,2024-09-22,1311,12.68,616,,,,,
189,residential_commercial,4800.00,2024-09-22,1365,13.08,643,,,,,
190,street,5000.00,2024-09-22,1406,13.25,671,,,,,
191,transport_hub,5200.00,2024-09-22,1534,13.99,740,,,,,
192,street,5000.00,2024-09-22,1492,13.67,714,,,,,
193,commercial_area,5400.00,2024-09-22,1573,14.35,762,,,,,
194,market,4900.00,2024-09-22,1553,14.16,747,,,,,
195,industrial_zone,5100.00,2024-09-22,1443,13.26,686,,,,,
196,transport_hub,5600.00,2024-09-22,1569,14.70,751,,,,,
197,commercial_area,6000.00,2024-09-22,1794,15.66,874,,,,,
198,market,5400.00,2024-09-22,1716,15.19,842,,,,,
199,residential_commercial,5800.00,2024-09-22,1879,16.22,909,,,,,
200,street,6200.00,2024-09-22,1772,15.63,871,,,,,
176,street,9800.00,2024-09-22,956,9.60,448,,,,,
224,residential_commercial,4400.00,2024-09-22,2292,21.55,1104,,,,,
245,transport_hub,4700.00,2024-09-22,2048,19.74,1001,,,,,
244,industrial_zone,4800.00,2024-09-22,2154,20.48,1051,,,,,
243,residential_commercial,5000.00,2024-09-22,2244,21.43,1086,,,,,
176,street,9800.00,2024-09-22,956,9.60,448,,,,,
177,commercial_area,11200.00,2024-09-22,1021,10.16,476,,,,,
78,residential_commercial,6100.00,2024-09-21,1105,10.17,505,,,12400.00,42.76,11.22
78,residential_commercial,6100.00,2024-09-21,1105,10.17,505,,,,,
79,street,6300.00,2024-09-21,1245,10.77,577,,,,,
80,market,5800.00,2024-09-21,1190,10.50,547,,,,,
91,street,5100.00,2024-09-21,1191,10.56,544,,,,,
92,market,4800.00,2024-09-21,1193,10.68,552,,,,,
93,residential_commercial,5200.00,2024-09-21,1253,11.36,576,,,,,
94,transport_hub,5000.00,2024-09-21,1247,11.08,573,,,,,
95,street,5400.00,2024-09-21,1201,10.81,556,,,,,
96,street,5700.00,2024-09-21,1233,10.77,570,,,,,
97,market,5400.00,2024-09-21,1231,10.84,563,,,,,
98,street,5900.00,2024-09-21,1233,11.06,573,,,,,
99,commercial_area,6100.00,2024-09-21,1297,11.65,600,,,,,
100,transport_hub,5600.00,2024-09-21,1239,11.03,567,,,,,
101,street,4300.00,2024-09-21,1225,10.94,566,,,,,
102,residential_commercial,4500.00,2024-09-21,1293,11.54,602,,,,,
103,market,4200.00,2024-09-21,1251,11.43,575,,,,,
104,industrial_zone,4600.00,2024-09-21,1309,11.86,609,,,,,
105,transport_hub,4400.00,2024-09-21,1254,11.44,579,,,,,
78,residential_commercial,6100.00,2024-09-21,1105,10.17,505,,,,,
79,street,6300.00,2024-09-21,1245,10.77,577,,,,,
80,market,5800.00,2024-09-21,1190,10.50,547,,,,,
91,street,5100.00,2024-09-21,1191,10.56,544,,,,,
92,market,4800.00,2024-09-21,1193,10.68,552,,,,,
93,residential_commercial,5200.00,2024-09-21,1253,11.36,576,,,,,
94,transport_hub,5000.00,2024-09-21,1247,11.08,573,,,,,
95,street,5400.00,2024-09-21,1201,10.81,556,,,,,
96,street,5700.00,2024-09-21,1233,10.77,570,,,,,
97,market,5400.00,2024-09-21,1231,10.84,563,,,,,
98,street,5900.00,2024-09-21,1233,11.06,573,,,,,
99,commercial_area,6100.00,2024-09-21,1297,11.65,600,,,,,
100,transport_hub,5600.00,2024-09-21,1239,11.03,567,,,,,
101,street,4300.00,2024-09-21,1225,10.94,566,,,,,
102,residential_commercial,4500.00,2024-09-21,1293,11.54,602,,,,,
103,market,4200.00,2024-09-21,1251,11.43,575,,,,,
104,industrial_zone,4600.00,2024-09-21,1309,11.86,609,,,,,
105,transport_hub,4400.00,2024-09-21,1254,11.44,579,,,,,
79,street,6300.00,2024-09-21,1245,10.77,577,,,19800.00,43.04,15.90
80,market,5800.00,2024-09-21,1190,10.50,547,,,14600.00,43.58,12.27
81,commercial_area,16500.00,2024-09-21,1226,10.69,560,,,,,
82,street,17200.00,2024-09-21,1204,10.46,554,,,,,
83,street,16800.00,2024-09-21,1250,10.89,582,,,,,
84,mall,18000.00,2024-09-21,1244,10.73,568,,,,,
85,educational_zone,17500.00,2024-09-21,1212,10.55,549,,,,,
86,street,15500.00,2024-09-21,1195,10.48,543,,,,,
87,commercial_area,16000.00,2024-09-21,1275,11.13,577,,,,,
88,street,16200.00,2024-09-21,1219,10.68,553,,,,,
89,residential_commercial,14800.00,2024-09-21,1282,11.26,590,,,,,
90,market,13500.00,2024-09-21,1211,10.60,553,,,,,
91,street,5100.00,2024-09-21,1191,10.56,544,,,,,
92,market,4800.00,2024-09-21,1193,10.68,552,,,,,
93,residential_commercial,5200.00,2024-09-21,1253,11.36,576,,,,,
94,transport_hub,5000.00,2024-09-21,1247,11.08,573,,,,,
95,street,5400.00,2024-09-21,1201,10.81,556,,,,,
96,street,5700.00,2024-09-21,1233,10.77,570,,,,,
97,market,5400.00,2024-09-21,1231,10.84,563,,,,,
98,street,5900.00,2024-09-21,1233,11.06,573,,,,,
99,commercial_area,6100.00,2024-09-21,1297,11.65,600,,,,,
100,transport_hub,5600.00,2024-09-21,1239,11.03,567,,,,,
101,street,4300.00,2024-09-21,1225,10.94,566,,,,,
102,residential_commercial,4500.00,2024-09-21,1293,11.54,602,,,,,
103,market,4200.00,2024-09-21,1251,11.43,575,,,,,
104,industrial_zone,4600.00,2024-09-21,1309,11.86,609,,,,,
105,transport_hub,4400.00,2024-09-21,1254,11.44,579,,,,,
87,commercial_area,16000.00,2024-09-21,1275,11.13,577,,,,,
88,street,16200.00,2024-09-21,1219,10.68,553,,,,,
89,residential_commercial,14800.00,2024-09-21,1282,11.26,590,,,,,
90,market,13500.00,2024-09-21,1211,10.60,553,,,,,
91,street,5100.00,2024-09-21,1191,10.56,544,,,,,
105,transport_hub,4400.00,2024-09-21,1254,11.44,579,,,,,
105,transport_hub,4400.00,2024-09-21,1254,11.44,579,,,,,
105,transport_hub,4400.00,2024-09-21,1254,11.44,579,,,,,
106,street,5600.00,2024-09-21,1290,11.65,592,,,,,
120,educational_zone,17500.00,2024-09-21,1407,12.73,629,,,,,
119,mall,18000.00,2024-09-21,1429,12.95,653,,,,,
137,residential_commercial,4500.00,2024-09-21,1479,13.38,671,,,,,
136,street,4300.00,2024-09-21,1392,12.81,632,,,,,
135,transport_hub,5600.00,2024-09-21,1400,12.88,636,,,,,
131,street,5700.00,2024-09-21,1490,13.45,678,,,,,
109,market,5400.00,2024-09-21,1360,11.88,622,,,,,
139,industrial_zone,4600.00,2024-09-21,1493,13.53,680,,,,,
125,market,13500.00,2024-09-21,1436,13.08,654,,,,,
140,transport_hub,4400.00,2024-09-21,792,12.90,360,,,,,
123,street,16200.00,2024-09-21,1464,13.18,663,,,,,
112,historical_zone,6400.00,2024-09-21,1399,12.44,641,,,,,
107,commercial_area,5900.00,2024-09-21,1268,11.50,586,,,,,
108,street,6100.00,2024-09-21,1314,11.93,604,,,,,
133,street,5900.00,2024-09-21,1537,13.83,694,,,,,
113,residential_commercial,6100.00,2024-09-21,1345,12.08,617,,,,,
128,residential_commercial,5200.00,2024-09-21,1458,13.43,665,,,,,
129,transport_hub,5000.00,2024-09-21,1536,13.66,699,,,,,
110,transport_hub,5200.00,2024-09-21,1336,11.95,613,,,,,
122,commercial_area,16000.00,2024-09-21,1428,12.93,650,,,,,
127,market,4800.00,2024-09-21,1513,13.54,689,,,,,
117,street,17200.00,2024-09-21,1397,12.62,632,,,,,
114,street,6300.00,2024-09-21,1419,12.53,644,,,,,
126,street,5100.00,2024-09-21,1445,13.09,652,,,,,
132,market,5400.00,2024-09-21,1483,13.36,673,,,,,
134,commercial_area,6100.00,2024-09-21,1444,13.28,658,,,,,
116,commercial_area,16500.00,2024-09-21,1375,12.43,624,,,,,
138,market,4200.00,2024-09-21,1420,13.00,643,,,,,
115,market,5800.00,2024-09-21,1365,12.25,624,,,,,
111,religious_zone,6700.00,2024-09-21,1325,11.90,607,,,,,
124,residential_commercial,14800.00,2024-09-21,1528,13.65,690,,,,,
121,street,15500.00,2024-09-21,1417,12.73,640,,,,,
118,street,16800.00,2024-09-21,1464,13.17,656,,,,,
130,street,5400.00,2024-09-21,1474,13.30,666,,,,,
50,street,9600.00,2024-09-20,1045,8.73,470,,,,,
68,street,6300.00,2024-09-20,1173,9.95,544,,,,,
67,religious_zone,5900.00,2024-09-20,1113,9.44,520,,,,,
66,street,6100.00,2024-09-20,1111,9.48,512,,,,,
65,market,4700.00,2024-09-20,1113,9.50,512,,,,,
64,residential_commercial,5400.00,2024-09-20,1155,9.72,532,,,,,
63,street,5200.00,2024-09-20,1091,9.32,505,,,,,
62,street,5000.00,2024-09-20,1147,9.76,529,,,,,
61,transport_hub,4800.00,2024-09-20,1067,9.16,495,,,,,
60,street,11200.00,2024-09-20,1084,9.32,501,,,,,
59,commercial_area,8800.00,2024-09-20,1146,9.78,530,,,,,
58,street,10500.00,2024-09-20,1106,9.23,500,,,,,
57,market,8400.00,2024-09-20,1146,9.62,525,,,,,
56,street,9800.00,2024-09-20,1127,9.51,519,,,,,
55,market,5000.00,2024-09-20,1089,9.21,493,,,,,
54,residential_commercial,5600.00,2024-09-20,1127,8.95,508,,,,,
53,street,5100.00,2024-09-20,1063,8.84,470,,,,,
52,educational_zone,5400.00,2024-09-20,1095,9.04,487,,,,,
51,street,5200.00,2024-09-20,1121,9.27,506,,,,,
75,transport_hub,5200.00,2024-09-20,1143,9.89,519,,,12100.00,41.02,10.59
74,market,5400.00,2024-09-20,1201,10.36,562,,,9800.00,40.83,8.16
73,street,6100.00,2024-09-20,1137,9.89,525,,,26500.00,43.44,23.31
72,commercial_area,5900.00,2024-09-20,1135,9.74,515,,,14200.00,40.00,12.51
71,street,5600.00,2024-09-20,1160,9.65,532,,,18500.00,44.05,15.95
77,historical_zone,6400.00,2024-09-20,1197,10.27,554,,,16800.00,40.98,14.04
78,residential_commercial,6100.00,2024-09-20,80,10.70,37,,,8900.00,41.40,111.25
57,market,8400.00,2024-09-20,1146,9.62,525,,,,,
58,street,10500.00,2024-09-20,1106,9.23,500,,,,,
59,commercial_area,8800.00,2024-09-20,1146,9.78,530,,,,,
60,street,11200.00,2024-09-20,1084,9.32,501,,,,,
61,transport_hub,4800.00,2024-09-20,1067,9.16,495,,,,,
62,street,5000.00,2024-09-20,1147,9.76,529,,,,,
63,street,5200.00,2024-09-20,1091,9.32,505,,,,,
64,residential_commercial,5400.00,2024-09-20,1155,9.72,532,,,,,
65,market,4700.00,2024-09-20,1113,9.50,512,,,,,
66,street,6100.00,2024-09-20,1111,9.48,512,,,,,
72,commercial_area,5900.00,2024-09-20,1135,9.74,515,,,,,
73,street,6100.00,2024-09-20,1137,9.89,525,,,,,
74,market,5400.00,2024-09-20,1201,10.36,562,,,,,
75,transport_hub,5200.00,2024-09-20,1143,9.89,519,,,,,
76,religious_zone,6700.00,2024-09-20,1129,9.75,518,,,,,
52,educational_zone,5400.00,2024-09-20,1095,9.04,487,,,,,
53,street,5100.00,2024-09-20,1063,8.84,470,,,,,
54,residential_commercial,5600.00,2024-09-20,1127,8.95,508,,,,,
55,market,5000.00,2024-09-20,1089,9.21,493,,,,,
56,street,9800.00,2024-09-20,1127,9.51,519,,,,,
77,historical_zone,6400.00,2024-09-20,1197,10.27,554,,,7600.00,40.00,6.35
48,street,9400.00,2024-09-20,310,8.40,140,,,,,
49,commercial_area,9700.00,2024-09-20,1051,8.77,477,,,,,
50,street,9600.00,2024-09-20,1045,8.73,470,,,,,
76,religious_zone,6700.00,2024-09-20,1129,9.75,518,,,,,
78,residential_commercial,6100.00,2024-09-20,80,10.70,37,,,,,
77,historical_zone,6400.00,2024-09-20,1197,10.27,554,,,,,
75,transport_hub,5200.00,2024-09-20,1143,9.89,519,,,,,
74,market,5400.00,2024-09-20,1201,10.36,562,,,,,
73,street,6100.00,2024-09-20,1137,9.89,525,,,,,
72,commercial_area,5900.00,2024-09-20,1135,9.74,515,,,,,
71,street,5600.00,2024-09-20,1160,9.65,532,,,,,
70,street,6500.00,2024-09-20,1121,9.55,517,,,,,
69,market,5800.00,2024-09-20,1167,9.79,541,,,,,
68,street,6300.00,2024-09-20,1173,9.95,544,,,,,
67,religious_zone,5900.00,2024-09-20,1113,9.44,520,,,,,
66,street,6100.00,2024-09-20,1111,9.48,512,,,,,
65,market,4700.00,2024-09-20,1113,9.50,512,,,,,
64,residential_commercial,5400.00,2024-09-20,1155,9.72,532,,,,,
63,street,5200.00,2024-09-20,1091,9.32,505,,,,,
62,street,5000.00,2024-09-20,1147,9.76,529,,,,,
61,transport_hub,4800.00,2024-09-20,1067,9.16,495,,,,,
60,street,11200.00,2024-09-20,1084,9.32,501,,,,,
59,commercial_area,8800.00,2024-09-20,1146,9.78,530,,,,,
58,street,10500.00,2024-09-20,1106,9.23,500,,,,,
57,market,8400.00,2024-09-20,1146,9.62,525,,,,,
56,street,9800.00,2024-09-20,1127,9.51,519,,,,,
55,market,5000.00,2024-09-20,1089,9.21,493,,,,,
54,residential_commercial,5600.00,2024-09-20,1127,8.95,508,,,,,
53,street,5100.00,2024-09-20,1063,8.84,470,,,,,
52,educational_zone,5400.00,2024-09-20,1095,9.04,487,,,,,
51,street,5200.00,2024-09-20,1121,9.27,506,,,,,
49,commercial_area,9700.00,2024-09-20,1051,8.77,477,,,,,
48,street,9400.00,2024-09-20,310,8.40,140,,,,,
76,religious_zone,6700.00,2024-09-20,1129,9.75,518,,,,,
78,residential_commercial,6100.00,2024-09-20,80,10.70,37,,,,,
77,historical_zone,6400.00,2024-09-20,1197,10.27,554,,,,,
75,transport_hub,5200.00,2024-09-20,1143,9.89,519,,,,,
74,market,5400.00,2024-09-20,1201,10.36,562,,,,,
73,street,6100.00,2024-09-20,1137,9.89,525,,,,,
72,commercial_area,5900.00,2024-09-20,1135,9.74,515,,,,,
71,street,5600.00,2024-09-20,1160,9.65,532,,,,,
70,street,6500.00,2024-09-20,1121,9.55,517,,,,,
69,market,5800.00,2024-09-20,1167,9.79,541,,,,,
47,residential_commercial,8900.00,2024-09-19,971,8.43,457,,,,,
48,street,9400.00,2024-09-19,662,8.33,309,,,,,
47,residential_commercial,8900.00,2024-09-19,971,8.43,457,,,,,
46,street,9100.00,2024-09-19,962,8.38,447,,,,,
45,commercial_area,18000.00,2024-09-19,970,8.48,452,,,,,
44,governmental_zone,19500.00,2024-09-19,935,8.19,445,,,,,
43,street,18800.00,2024-09-19,886,7.87,416,,,,,
42,residential_commercial,18200.00,2024-09-19,504,7.90,234,,,,,
48,street,9400.00,2024-09-19,662,8.33,309,,,,,
46,street,9100.00,2024-09-19,962,8.38,447,,,,,
36,street,18500.00,2024-09-18,880,8.79,393,,,,,
39,commercial_area,20500.00,2024-09-18,1182,9.39,525,,,,,
38,residential_commercial,19800.00,2024-09-18,1087,8.86,482,,,,,
37,street,19200.00,2024-09-18,1138,9.16,505,,,,,
42,residential_commercial,18200.00,2024-09-18,525,9.50,231,,,,,
41,street,17500.00,2024-09-18,1121,9.01,500,,,,,
40,street,19000.00,2024-09-18,1107,8.98,494,,,,,
32,market,4400.00,2024-09-17,612,9.30,288,,,,,
32,market,4400.00,2024-09-17,612,9.30,288,,,,,
34,transport_hub,5000.00,2024-09-17,1235,10.23,594,,,,,
34,transport_hub,5000.00,2024-09-17,1235,10.23,594,,,,,
34,transport_hub,5000.00,2024-09-17,1235,10.23,594,,,,,
34,transport_hub,5000.00,2024-09-17,1235,10.23,594,,,,,
34,transport_hub,5000.00,2024-09-17,1235,10.23,594,,,,,
33,educational_zone,5200.00,2024-09-17,1263,10.39,602,,,,,
33,educational_zone,5200.00,2024-09-17,1263,10.39,602,,,,,
33,educational_zone,5200.00,2024-09-17,1263,10.39,602,,,,,
33,educational_zone,5200.00,2024-09-17,1263,10.39,602,,,,,
33,educational_zone,5200.00,2024-09-17,1263,10.39,602,,,,,
35,street,4900.00,2024-09-17,1072,9.60,520,,,,,
32,market,4400.00,2024-09-17,612,9.30,288,,,,,
33,educational_zone,5200.00,2024-09-17,1263,10.39,602,,,,,
33,educational_zone,5200.00,2024-09-17,1263,10.39,602,,,,,
34,transport_hub,5000.00,2024-09-17,1235,10.23,594,,,,,
34,transport_hub,5000.00,2024-09-17,1235,10.23,594,,,,,
33,educational_zone,5200.00,2024-09-17,1263,10.39,602,,,,,
33,educational_zone,5200.00,2024-09-17,1263,10.39,602,,,,,
36,street,18500.00,2024-09-17,258,11.20,126,,,,,
35,street,4900.00,2024-09-17,1072,9.60,520,,,,,
33,educational_zone,5200.00,2024-09-17,1263,10.39,602,,,,,
34,transport_hub,5000.00,2024-09-17,1235,10.23,594,,,,,
33,educational_zone,5200.00,2024-09-17,1263,10.39,602,,,,,
32,market,4400.00,2024-09-17,612,9.30,288,,,,,
32,market,4400.00,2024-09-17,612,9.30,288,,,,,
33,educational_zone,5200.00,2024-09-17,1263,10.39,602,,,,,
32,market,4400.00,2024-09-17,612,9.30,288,,,,,
33,educational_zone,5200.00,2024-09-17,1263,10.39,602,,,,,
32,market,4400.00,2024-09-17,612,9.30,288,,,,,
32,market,4400.00,2024-09-17,612,9.30,288,,,,,
32,market,4400.00,2024-09-16,602,13.40,266,,,,,
31,street,4600.00,2024-09-16,1286,11.46,561,,,,,
32,market,4400.00,2024-09-16,602,13.40,266,,,,,
30,residential_commercial,15500.00,2024-09-16,1057,8.96,497,,,,,
29,commercial_area,15000.00,2024-09-16,1335,9.17,661,,,,,
28,street,14200.00,2024-09-16,509,7.62,238,,,,,
31,street,4600.00,2024-09-16,1286,11.46,561,,,,,
32,market,4400.00,2024-09-16,602,13.40,266,,,,,
31,street,4600.00,2024-09-16,1286,11.46,561,,,,,
32,market,4400.00,2024-09-16,602,13.40,266,,,,,
31,street,4600.00,2024-09-16,1286,11.46,561,,,,,
28,street,14200.00,2024-09-16,509,7.62,238,,,,,
29,commercial_area,15000.00,2024-09-16,1335,9.17,661,,,,,
30,residential_commercial,15500.00,2024-09-16,1057,8.96,497,,,,,
31,street,4600.00,2024-09-16,1286,11.46,561,,,,,
31,street,4600.00,2024-09-16,1286,11.46,561,,,,,
31,street,4600.00,2024-09-16,1286,11.46,561,,,,,
31,street,4600.00,2024-09-16,1286,11.46,561,,,,,
31,street,4600.00,2024-09-16,1286,11.46,561,,,,,
32,market,4400.00,2024-09-16,602,13.40,266,,,,,
32,market,4400.00,2024-09-16,602,13.40,266,,,,,
32,market,4400.00,2024-09-16,602,13.40,266,,,,,
32,market,4400.00,2024-09-16,602,13.40,266,,,,,
28,street,14200.00,2024-09-16,509,7.62,238,,,,,
29,commercial_area,15000.00,2024-09-16,1335,9.17,661,,,,,
30,residential_commercial,15500.00,2024-09-16,1057,8.96,497,,,,,
27,street,13800.00,2024-09-15,1175,10.46,517,,,,,
26,commercial_area,14500.00,2024-09-15,1005,9.30,475,,,,,
26,commercial_area,14500.00,2024-09-15,1005,9.30,475,,,,,
28,street,14200.00,2024-09-15,470,12.45,188,,,,,
27,street,13800.00,2024-09-15,1175,10.46,517,,,,,
25,mall,11500.00,2024-09-15,280,11.90,143,,,,,
25,mall,11500.00,2024-09-15,280,11.90,143,,,,,
26,commercial_area,14500.00,2024-09-15,1005,9.30,475,,,,,
27,street,13800.00,2024-09-15,1175,10.46,517,,,,,
28,street,14200.00,2024-09-15,470,12.45,188,,,,,
23,street,9500.00,2024-09-15,143,16.10,69,,,,,
23,street,9500.00,2024-09-15,143,16.10,69,,,,,
28,street,14200.00,2024-09-15,470,12.45,188,,,,,
21,street,9800.00,2024-09-14,239,12.45,121,,,,,
21,street,9800.00,2024-09-14,239,12.45,121,,,,,
21,street,9800.00,2024-09-14,239,12.45,121,,,,,
19,street,13500.00,2024-09-14,137,15.50,65,,,,,
23,street,9500.00,2024-09-14,168,10.40,83,,,,,
16,street,12500.00,2024-09-14,135,15.30,64,,,,,
16,street,12500.00,2024-09-14,135,15.30,64,,,,,
21,street,9800.00,2024-09-14,239,12.45,121,,,,,
21,street,9800.00,2024-09-14,239,12.45,121,,,,,
25,mall,11500.00,2024-09-14,282,10.93,135,,,,,
21,street,9800.00,2024-09-14,239,12.45,121,,,,,
21,street,9800.00,2024-09-14,239,12.45,121,,,,,
23,street,9500.00,2024-09-14,168,10.40,83,,,,,
25,mall,11500.00,2024-09-14,282,10.93,135,,,,,
21,street,9800.00,2024-09-13,68,11.30,27,,,,,
21,street,9800.00,2024-09-13,68,11.30,27,,,,,
23,street,9500.00,2024-09-13,110,11.40,49,,,,,
25,mall,11500.00,2024-09-13,17,4.90,8,,,,,
21,street,9800.00,2024-09-13,68,11.30,27,,,,,
21,street,9800.00,2024-09-13,68,11.30,27,,,,,
23,street,9500.00,2024-09-13,110,11.40,49,,,,,
21,street,9800.00,2024-09-13,68,11.30,27,,,,,
18,street,12800.00,2024-09-13,94,8.90,52,,,,,
16,street,12500.00,2024-09-13,92,8.60,50,,,,,
16,street,12500.00,2024-09-13,92,8.60,50,,,,,
21,street,9800.00,2024-09-13,68,11.30,27,,,,,
25,mall,11500.00,2024-09-13,17,4.90,8,,,,,
21,street,9800.00,2024-09-13,68,11.30,27,,,,,
24,commercial_area,10800.00,2024-09-12,1598,9.83,863,,,,,
18,street,12800.00,2024-09-12,65,11.00,26,,,,,
21,street,9800.00,2024-09-12,109,11.20,48,,,,,
21,street,9800.00,2024-09-12,109,11.20,48,,,,,
23,street,9500.00,2024-09-12,453,6.99,213,,,,,
24,commercial_area,10800.00,2024-09-12,1598,9.83,863,,,,,
25,mall,11500.00,2024-09-12,795,10.18,419,,,,,
21,street,9800.00,2024-09-12,109,11.20,48,,,,,
23,street,9500.00,2024-09-12,453,6.99,213,,,,,
21,street,9800.00,2024-09-12,109,11.20,48,,,,,
21,street,9800.00,2024-09-12,109,11.20,48,,,,,
25,mall,11500.00,2024-09-12,795,10.18,419,,,,,
21,street,9800.00,2024-09-12,109,11.20,48,,,,,
21,street,9800.00,2024-09-12,109,11.20,48,,,,,
23,street,9500.00,2024-09-11,367,10.35,272,,,,,
21,street,9800.00,2024-09-11,710,7.73,354,,,,,
21,street,9800.00,2024-09-11,710,7.73,354,,,,,
16,street,12500.00,2024-09-11,63,10.70,25,,,,,
22,street,10200.00,2024-09-11,1531,8.28,855,,,,,
22,street,10200.00,2024-09-11,1531,8.28,855,,,,,
21,street,9800.00,2024-09-11,710,7.73,354,,,,,
22,street,10200.00,2024-09-11,1531,8.28,855,,,,,
22,street,10200.00,2024-09-11,1531,8.28,855,,,,,
18,street,12800.00,2024-09-11,102,10.40,45,,,,,
22,street,10200.00,2024-09-11,1531,8.28,855,,,,,
22,street,10200.00,2024-09-11,1531,8.28,855,,,,,
16,street,12500.00,2024-09-11,63,10.70,25,,,,,
23,street,9500.00,2024-09-11,367,10.35,272,,,,,
22,street,10200.00,2024-09-11,1531,8.28,855,,,,,
21,street,9800.00,2024-09-11,710,7.73,354,,,,,
21,street,9800.00,2024-09-11,710,7.73,354,,,,,
21,street,9800.00,2024-09-11,710,7.73,354,,,,,
21,street,9800.00,2024-09-11,710,7.73,354,,,,,
16,street,12500.00,2024-09-10,99,10.00,42,,,,,
16,street,12500.00,2024-09-10,99,10.00,42,,,,,
18,street,12800.00,2024-09-10,38,5.00,19,,,,,
20,street,14000.00,2024-09-10,1716,9.89,827,,,,,
19,street,13500.00,2024-09-10,1131,8.61,620,,,,,
17,commercial_area,13200.00,2024-09-09,1299,9.03,698,,,,,
16,street,12500.00,2024-09-09,235,7.05,110,,,,,
18,street,12800.00,2024-09-09,1046,9.58,577,,,,,
16,street,12500.00,2024-09-09,235,7.05,110,,,,,
15,residential_commercial,12200.00,2024-09-08,1307,8.66,695,,,,,
16,street,12500.00,2024-09-08,507,9.46,364,,,,,
15,residential_commercial,12200.00,2024-09-08,1307,8.66,695,,,,,
14,street,11800.00,2024-09-08,793,8.49,358,,,,,
14,street,11800.00,2024-09-08,793,8.49,358,,,,,
16,street,12500.00,2024-09-08,507,9.46,364,,,,,
7,market,5200.00,2024-09-07,248,8.37,147,,,,,
7,market,5200.00,2024-09-07,248,8.37,147,,,,,
7,market,5200.00,2024-09-07,248,8.37,147,,,,,
7,market,5200.00,2024-09-07,248,8.37,147,,,,,
9,street,5900.00,2024-09-07,149,9.35,70,,,,,
7,market,5200.00,2024-09-07,248,8.37,147,,,,,
7,market,5200.00,2024-09-07,248,8.37,147,,,,,
7,market,5200.00,2024-09-07,248,8.37,147,,,,,
7,market,5200.00,2024-09-07,248,8.37,147,,,,,
7,market,5200.00,2024-09-07,248,8.37,147,,,,,
7,market,5200.00,2024-09-07,248,8.37,147,,,,,
7,market,5200.00,2024-09-07,248,8.37,147,,,,,
9,street,5900.00,2024-09-07,149,9.35,70,,,,,
7,market,5200.00,2024-09-07,248,8.37,147,,,,,
11,street,11000.00,2024-09-07,154,9.65,73,,,,,
7,market,5200.00,2024-09-07,248,8.37,147,,,,,
14,street,11800.00,2024-09-07,400,11.55,188,,,,,
7,market,5200.00,2024-09-07,248,8.37,147,,,,,
7,market,5200.00,2024-09-07,248,8.37,147,,,,,
7,market,5200.00,2024-09-07,248,8.37,147,,,,,
14,street,11800.00,2024-09-07,400,11.55,188,,,,,
9,street,5900.00,2024-09-07,149,9.35,70,,,,,
7,market,5200.00,2024-09-07,248,8.37,147,,,,,
7,market,5200.00,2024-09-07,248,8.37,147,,,,,
7,market,5200.00,2024-09-07,248,8.37,147,,,,,
7,market,5200.00,2024-09-07,248,8.37,147,,,,,
7,market,5200.00,2024-09-07,248,8.37,147,,,,,
4,transport_hub,6900.00,2024-09-07,33,3.80,48,,,,,
7,market,5200.00,2024-09-07,248,8.37,147,,,,,
7,market,5200.00,2024-09-07,248,8.37,147,,,,,
9,street,5900.00,2024-09-07,149,9.35,70,,,,,
7,market,5200.00,2024-09-07,248,8.37,147,,,,,
9,street,5900.00,2024-09-06,228,12.45,103,,,,,
6,street,5400.00,2024-09-06,57,10.10,23,,,,,
9,street,5900.00,2024-09-06,228,12.45,103,,,,,
6,street,5400.00,2024-09-06,57,10.10,23,,,,,
13,street,10400.00,2024-09-06,15,4.70,7,,,,,
9,street,5900.00,2024-09-06,228,12.45,103,,,,,
9,street,5900.00,2024-09-06,228,12.45,103,,,,,
4,transport_hub,6900.00,2024-09-06,164,8.35,76,,,,,
6,street,5400.00,2024-09-06,57,10.10,23,,,,,
13,street,10400.00,2024-09-06,15,4.70,7,,,,,
11,street,11000.00,2024-09-06,233,12.70,106,,,,,
6,street,5400.00,2024-09-06,57,10.10,23,,,,,
6,street,5400.00,2024-09-05,93,9.50,40,,,,,
12,commercial_area,11500.00,2024-09-05,1161,8.42,674,,,,,
11,street,11000.00,2024-09-05,34,4.90,17,,,,,
6,street,5400.00,2024-09-05,93,9.50,40,,,,,
6,street,5400.00,2024-09-05,93,9.50,40,,,,,
4,transport_hub,6900.00,2024-09-05,88,7.30,40,,,,,
6,street,5400.00,2024-09-05,93,9.50,40,,,,,
13,street,10400.00,2024-09-05,1626,10.84,854,,,,,
13,street,10400.00,2024-09-05,1626,10.84,854,,,,,
12,commercial_area,11500.00,2024-09-05,1161,8.42,674,,,,,
9,street,5900.00,2024-09-04,496,7.28,228,,,,,
9,street,5900.00,2024-09-04,496,7.28,228,,,,,
4,transport_hub,6900.00,2024-09-04,84,9.00,36,,,,,
9,street,5900.00,2024-09-04,496,7.28,228,,,,,
10,street,5700.00,2024-09-04,1393,9.08,750,,,,,
10,street,5700.00,2024-09-04,1393,9.08,750,,,,,
11,street,11000.00,2024-09-04,941,8.86,466,,,,,
10,street,5700.00,2024-09-04,1393,9.08,750,,,,,
10,street,5700.00,2024-09-04,1393,9.08,750,,,,,
9,street,5900.00,2024-09-04,496,7.28,228,,,,,
7,market,5200.00,2024-09-03,927,9.11,430,,,,,
8,commercial_area,5600.00,2024-09-03,1477,8.55,820,,,,,
8,commercial_area,5600.00,2024-09-03,1477,8.55,820,,,,,
9,street,5900.00,2024-09-03,276,9.83,191,,,,,
7,market,5200.00,2024-09-03,927,9.11,430,,,,,
7,market,5200.00,2024-09-03,927,9.11,430,,,,,
7,market,5200.00,2024-09-03,927,9.11,430,,,,,
7,market,5200.00,2024-09-03,927,9.11,430,,,,,
7,market,5200.00,2024-09-03,927,9.11,430,,,,,
7,market,5200.00,2024-09-03,927,9.11,430,,,,,
4,transport_hub,6900.00,2024-09-03,79,8.60,32,,,,,
7,market,5200.00,2024-09-03,927,9.11,430,,,,,
7,market,5200.00,2024-09-03,927,9.11,430,,,,,
6,street,5400.00,2024-09-03,71,5.47,33,,,,,
7,market,5200.00,2024-09-03,927,9.11,430,,,,,
7,market,5200.00,2024-09-03,927,9.11,430,,,,,
7,market,5200.00,2024-09-03,927,9.11,430,,,,,
6,street,5400.00,2024-09-03,71,5.47,33,,,,,
7,market,5200.00,2024-09-03,927,9.11,430,,,,,
7,market,5200.00,2024-09-03,927,9.11,430,,,,,
7,market,5200.00,2024-09-03,927,9.11,430,,,,,
7,market,5200.00,2024-09-03,927,9.11,430,,,,,
7,market,5200.00,2024-09-03,927,9.11,430,,,,,
7,market,5200.00,2024-09-03,927,9.11,430,,,,,
7,market,5200.00,2024-09-03,927,9.11,430,,,,,
9,street,5900.00,2024-09-03,276,9.83,191,,,,,
7,market,5200.00,2024-09-03,927,9.11,430,,,,,
7,market,5200.00,2024-09-03,927,9.11,430,,,,,
6,street,5400.00,2024-09-03,71,5.47,33,,,,,
8,commercial_area,5600.00,2024-09-03,1477,8.55,820,,,,,
9,street,5900.00,2024-09-03,276,9.83,191,,,,,
7,market,5200.00,2024-09-03,927,9.11,430,,,,,
9,street,5900.00,2024-09-03,276,9.83,191,,,,,
8,commercial_area,5600.00,2024-09-03,1477,8.55,820,,,,,
7,market,5200.00,2024-09-03,927,9.11,430,,,,,
6,street,5400.00,2024-09-03,71,5.47,33,,,,,
7,market,5200.00,2024-09-03,927,9.11,430,,,,,
6,street,5400.00,2024-09-02,939,8.91,522,,,,,
4,transport_hub,6900.00,2024-09-02,514,6.06,229,,,,,
6,street,5400.00,2024-09-02,939,8.91,522,,,,,
6,street,5400.00,2024-09-02,939,8.91,522,,,,,
6,street,5400.00,2024-09-02,939,8.91,522,,,,,
3,market,7200.00,2024-09-02,18,5.40,9,,,,,
5,street,7600.00,2024-09-02,1146,7.82,639,,,,,
2,street,8700.00,2024-09-01,1016,8.34,504,,,,,
3,market,7200.00,2024-09-01,1289,8.43,667,,,,,
1,street,8500.00,2024-09-01,840,8.11,350,,,,,
