"business_id","location_id","name","business_type","product_type","owner_experience_years","work_hours_per_day","work_days_per_week","store_area_m2","rent_monthly","staff_cost_monthly","utilities_cost_monthly","opening_date","created_at"
1,1,Talaat Harb Cafe,cafe,coffee_beverages,8,14,7,85,22000.00,18000.00,4200.00,2019-03-15,2026-01-19 16:03:50.006 +0200
2,2,Downtown Express Pharmacy,pharmacy,medicines,12,12,7,60,18000.00,14000.00,3500.00,2018-07-10,2026-01-19 16:03:50.006 +0200
3,3,Abdeen Grill House,restaurant,grilled_food,10,13,7,120,26000.00,24000.00,5200.00,2020-01-20,2026-01-19 16:03:50.006 +0200
4,4,Ramses Mobile Center,retail,electronics,6,11,7,45,15000.00,9000.00,2800.00,2021-05-05,2026-01-19 16:03:50.006 +0200
5,5,El Gomhoreya Stationery,retail,office_supplies,9,10,6,55,13000.00,8000.00,2200.00,2017-09-12,2026-01-19 16:03:50.006 +0200
6,6,Shubra Fresh Market,grocery,food_items,15,14,7,140,21000.00,26000.00,4800.00,2016-11-03,2026-01-19 16:03:50.006 +0200
7,7,Rod El Farag Fish Shop,retail,seafood,18,13,7,90,17000.00,15000.00,3600.00,2015-04-18,2026-01-19 16:03:50.006 +0200
8,8,Shubra Electronics Hub,retail,home_appliances,7,11,6,75,16000.00,12000.00,3000.00,2021-02-14,2026-01-19 16:03:50.006 +0200
9,9,Massara Bakery,bakery,bread_pastries,20,15,7,65,14000.00,16000.00,3900.00,2014-06-01,2026-01-19 16:03:50.006 +0200
10,10,Khalafawy Coffee Corner,cafe,hot_drinks,5,12,7,50,12000.00,9000.00,2500.00,2022-08-09,2026-01-19 16:03:50.006 +0200
11,11,Dokki Healthy Bites,restaurant,healthy_food,6,12,6,95,24000.00,21000.00,4700.00,2020-10-22,2026-01-19 16:03:50.006 +0200
12,12,Dokki Optical Center,retail,eyewear,14,10,6,70,19000.00,13000.00,3200.00,2016-03-30,2026-01-19 16:03:50.006 +0200
13,13,Sudan Street Shawarma,restaurant,fast_food,9,14,7,80,20000.00,19000.00,4100.00,2019-12-05,2026-01-19 16:03:50.006 +0200
14,14,Mossadak Bookstore,retail,books,11,9,6,60,17000.00,10000.00,2600.00,2017-05-19,2026-01-19 16:03:50.006 +0200
15,15,Shooting Club Juice Bar,cafe,fresh_juice,4,10,6,45,15000.00,8500.00,2400.00,2023-01-11,2026-01-19 16:03:50.006 +0200
16,17,Lebanon Square Bistro,restaurant,international_food,13,13,7,130,28000.00,26000.00,5600.00,2018-09-02,2026-01-19 16:03:50.006 +0200
17,16,Gameat El Dowal Fashion,retail,clothing,10,11,7,85,22000.00,15000.00,3300.00,2019-04-27,2026-01-19 16:03:50.006 +0200
18,18,Shehab Electronics Repair,service,device_repair,16,10,6,50,16000.00,11000.00,2800.00,2015-11-16,2026-01-19 16:03:50.006 +0200
19,19,Arab League Perfumes,retail,perfumes,8,11,7,40,21000.00,9000.00,2500.00,2021-06-08,2026-01-19 16:03:50.006 +0200
20,20,Zamalek Bridge Snacks,restaurant,snacks,6,12,7,55,18000.00,13000.00,3200.00,2020-08-14,2026-01-19 16:03:50.006 +0200
21,21,Abbas El Akkad Grill,restaurant,grilled_food,14,14,7,150,30000.00,28000.00,6000.00,2017-02-10,2026-01-19 16:03:50.006 +0200
22,22,Makram Ebeid Mobile Shop,retail,mobile_accessories,7,11,7,60,19000.00,12000.00,2900.00,2021-09-01,2026-01-19 16:03:50.006 +0200
23,23,Mustafa El Nahas Supermarket,grocery,food_items,18,15,7,180,27000.00,32000.00,6500.00,2016-05-07,2026-01-19 16:03:50.006 +0200
24,24,Nasr City Coffee Lounge,cafe,coffee_beverages,5,12,7,70,22000.00,16000.00,3800.00,2022-03-18,2026-01-19 16:03:50.006 +0200
25,25,El Serag Mall Kiosk,retail,snacks,3,10,7,30,14000.00,7000.00,2000.00,2023-06-02,2026-01-19 16:03:50.006 +0200
26,26,Korba Fine Dining,restaurant,fine_dining,15,12,6,160,32000.00,30000.00,6800.00,2016-12-21,2026-01-19 16:03:50.006 +0200
27,27,Baghdad Street Pharmacy,pharmacy,medicines,11,12,7,65,20000.00,14000.00,3600.00,2018-04-09,2026-01-19 16:03:50.006 +0200
28,28,El Merghany Fashion House,retail,clothing,9,11,6,90,24000.00,17000.00,3900.00,2019-07-25,2026-01-19 16:03:50.006 +0200
29,29,Roxy Dessert Cafe,cafe,desserts,6,12,7,75,23000.00,16000.00,4100.00,2021-11-04,2026-01-19 16:03:50.006 +0200
30,30,Almaza Organic Market,grocery,organic_food,4,10,6,85,21000.00,15000.00,3400.00,2022-02-16,2026-01-19 16:03:50.006 +0200
31,32,Ain Shams Book Center,retail,books,13,9,6,70,16000.00,9000.00,2300.00,2017-01-08,2026-01-19 16:03:50.006 +0200
32,33,Ain Shams Student Cafe,cafe,coffee_snacks,5,14,7,60,18000.00,12000.00,3100.00,2021-10-12,2026-01-19 16:03:50.006 +0200
33,34,Ain Shams Copy & Print,service,printing,17,10,6,55,15000.00,10000.00,2600.00,2015-09-03,2026-01-19 16:03:50.006 +0200
34,31,El Matareya Grocery,grocery,food_items,20,14,7,130,19000.00,24000.00,4800.00,2014-04-26,2026-01-19 16:03:50.006 +0200
35,35,El Zeraeiin Hardware,retail,hardware_tools,22,11,6,95,17000.00,16000.00,3500.00,2013-08-17,2026-01-19 16:03:50.006 +0200
36,51,Helwan Corniche Cafe,cafe,coffee_beverages,9,12,7,80,16000.00,14000.00,3300.00,2019-05-14,2026-01-19 16:03:50.006 +0200
37,52,Helwan University Snacks,restaurant,fast_food,6,14,7,65,15000.00,13000.00,3000.00,2020-09-09,2026-01-19 16:03:50.006 +0200
38,53,"15th of May Mini Market",grocery,food_items,12,13,7,110,17000.00,19000.00,4100.00,2018-02-22,2026-01-19 16:03:50.006 +0200
39,54,Masaken El Shabab Pharmacy,pharmacy,medicines,10,12,7,60,14000.00,12000.00,2800.00,2017-06-06,2026-01-19 16:03:50.006 +0200
40,55,Helwan Fish Grill,restaurant,seafood,16,14,7,125,19000.00,23000.00,5200.00,2016-10-01,2026-01-19 16:03:50.006 +0200
41,56,Agouza Nile View Cafe,cafe,coffee_beverages,7,12,7,70,20000.00,15000.00,3600.00,2020-04-19,2026-01-19 16:03:50.006 +0200
42,57,Mit Akaba Market Store,retail,household_goods,14,11,6,85,17000.00,13000.00,3000.00,2017-08-28,2026-01-19 16:03:50.006 +0200
43,58,El Mohandiseen Repair Hub,service,electronics_repair,19,10,6,60,16000.00,14000.00,3100.00,2014-12-13,2026-01-19 16:03:50.006 +0200
44,59,Ard El Lewa Grocery,grocery,food_items,21,14,7,140,18000.00,26000.00,5200.00,2013-03-21,2026-01-19 16:03:50.006 +0200
45,60,Corniche View Restaurant,restaurant,international_food,12,13,7,145,25000.00,27000.00,5900.00,2018-11-30,2026-01-19 16:03:50.006 +0200
46,61,Kit Kat Square Koshary,restaurant,egyptian_food,18,14,7,90,17000.00,20000.00,4200.00,2015-02-07,2026-01-19 16:03:50.006 +0200
47,62,Ard El Lewa Mobile Repair,service,mobile_repair,11,10,6,50,14000.00,10000.00,2500.00,2019-06-18,2026-01-19 16:03:50.006 +0200
48,63,El Batal Hardware Store,retail,hardware_tools,23,11,6,100,16000.00,18000.00,3600.00,2012-10-29,2026-01-19 16:03:50.006 +0200
49,64,Geziret Badran Supermarket,grocery,food_items,16,14,7,150,19000.00,28000.00,5400.00,2016-01-16,2026-01-19 16:03:50.006 +0200
50,65,Imbaba Market Grill,restaurant,grilled_food,20,15,7,130,18000.00,25000.00,5600.00,2014-07-03,2026-01-19 16:03:50.006 +0200
51,66,El Khalifa Cafe,cafe,coffee_beverages,8,12,7,65,15000.00,12000.00,2900.00,2019-09-14,2026-01-19 16:03:50.006 +0200
52,67,Sayeda Zeinab Pharmacy,pharmacy,medicines,13,12,7,60,14000.00,13000.00,3000.00,2017-12-01,2026-01-19 16:03:50.006 +0200
53,68,Port Said Street Electronics,retail,electronics,9,11,6,70,16000.00,12000.00,2800.00,2020-06-20,2026-01-19 16:03:50.006 +0200
54,69,Sayeda Zeinab Market Grocery,grocery,food_items,22,14,7,160,18000.00,30000.00,5800.00,2013-05-09,2026-01-19 16:03:50.006 +0200
55,70,Corniche Axis Juice Bar,cafe,fresh_juice,6,11,7,55,14000.00,9000.00,2400.00,2021-08-27,2026-01-19 16:03:50.006 +0200
56,71,Bulaq Corniche Cafe,cafe,coffee_beverages,10,12,7,75,17000.00,14000.00,3300.00,2018-04-05,2026-01-19 16:03:50.006 +0200
57,72,Maspero Mini Market,grocery,food_items,17,14,7,135,20000.00,27000.00,5600.00,2016-09-11,2026-01-19 16:03:50.006 +0200
58,73,Abou El Ela Restaurant,restaurant,egyptian_food,19,14,7,140,21000.00,26000.00,5900.00,2015-01-24,2026-01-19 16:03:50.006 +0200
59,74,Bulaq Repair Services,service,home_appliance_repair,15,10,6,65,15000.00,12000.00,2800.00,2017-07-07,2026-01-19 16:03:50.006 +0200
60,75,Railway Axis Snacks,restaurant,snacks,7,12,7,55,16000.00,13000.00,3100.00,2020-12-19,2026-01-19 16:03:50.006 +0200
61,77,Fustat Heritage Crafts,retail,handicrafts,18,10,6,90,17000.00,15000.00,3300.00,2016-03-14,2026-01-19 16:03:50.006 +0200
62,78,Ain El Sira Grocery,grocery,food_items,21,14,7,150,18000.00,28000.00,5400.00,2013-10-02,2026-01-19 16:03:50.006 +0200
63,79,Magra El Oyoun Butchery,retail,meat_products,24,12,7,80,16000.00,17000.00,3600.00,2012-06-26,2026-01-19 16:03:50.006 +0200
64,80,Old Cairo Coffee House,cafe,coffee_beverages,11,12,7,70,15000.00,12000.00,3000.00,2018-02-17,2026-01-19 16:03:50.006 +0200
65,76,Old Cairo Market Spices,retail,spices,27,11,6,65,14000.00,15000.00,2800.00,2011-04-04,2026-01-19 16:03:50.006 +0200
66,91,Warraq Island Grocery,grocery,food_items,19,14,7,160,17000.00,29000.00,5500.00,2015-08-23,2026-01-19 16:03:50.006 +0200
67,92,Warraq Market Grill,restaurant,grilled_food,21,15,7,140,18000.00,26000.00,5700.00,2014-11-08,2026-01-19 16:03:50.006 +0200
68,93,Warraq Electronics Repair,service,electronics_repair,16,10,6,60,15000.00,13000.00,2900.00,2016-05-30,2026-01-19 16:03:50.006 +0200
69,94,Warraq Ferry Snacks,restaurant,snacks,8,12,7,50,14000.00,11000.00,2600.00,2021-07-12,2026-01-19 16:03:50.006 +0200
70,95,Warraq Corniche Cafe,cafe,coffee_beverages,9,12,7,75,16000.00,14000.00,3300.00,2019-01-06,2026-01-19 16:03:50.006 +0200
71,96,Bab El Shaaria Electronics,retail,electronics,14,11,6,85,17000.00,14000.00,3200.00,2017-04-15,2026-01-19 16:03:50.006 +0200
72,97,Bab El Shaaria Market Grocery,grocery,food_items,23,14,7,170,19000.00,32000.00,6000.00,2012-09-09,2026-01-19 16:03:50.006 +0200
73,98,Port Said Axis Pharmacy,pharmacy,medicines,12,12,7,65,15000.00,13000.00,3000.00,2018-12-20,2026-01-19 16:03:50.006 +0200
74,99,Sabtiya Auto Parts,retail,auto_parts,26,11,6,110,16000.00,18000.00,3500.00,2011-05-28,2026-01-19 16:03:50.006 +0200
75,100,Railway Zone Snacks,restaurant,snacks,6,12,7,55,15000.00,12000.00,2800.00,2022-03-02,2026-01-19 16:03:50.006 +0200
76,101,El Salam Corner Grocery,grocery,food_items,20,14,7,160,17000.00,30000.00,5800.00,2014-08-16,2026-01-19 16:03:50.006 +0200
77,102,El Salam Market Grill,restaurant,grilled_food,22,15,7,150,18000.00,27000.00,6000.00,2013-02-11,2026-01-19 16:03:50.006 +0200
78,103,El Salam Industrial Supplies,retail,industrial_tools,18,11,6,120,16000.00,20000.00,3800.00,2016-06-05,2026-01-19 16:03:50.006 +0200
79,104,El Salam Transport Snacks,restaurant,snacks,7,12,7,50,14000.00,11000.00,2600.00,2021-10-21,2026-01-19 16:03:50.006 +0200
80,105,Ring Road Coffee Stop,cafe,coffee_beverages,5,12,7,60,15000.00,12000.00,2900.00,2022-07-18,2026-01-19 16:03:50.006 +0200
81,306,Mashtoul Main Grocery,grocery,food_items,18,14,7,155,18000.00,28000.00,5500.00,2015-03-19,2026-01-19 16:03:50.006 +0200
82,307,Mashtoul Market Butchery,retail,meat_products,24,12,7,90,16000.00,17000.00,3600.00,2012-11-07,2026-01-19 16:03:50.006 +0200
83,308,Mashtoul Repair Services,service,general_repair,16,10,6,65,15000.00,13000.00,2800.00,2016-04-25,2026-01-19 16:03:50.006 +0200
84,309,Mashtoul Transport Snacks,restaurant,snacks,7,12,7,55,14000.00,11000.00,2600.00,2021-06-30,2026-01-19 16:03:50.006 +0200
85,310,Mashtoul Coffee Corner,cafe,coffee_beverages,9,12,7,70,15000.00,13000.00,3000.00,2019-10-08,2026-01-19 16:03:50.006 +0200
86,311,Zagazig Road Mini Market,grocery,food_items,21,14,7,165,19000.00,31000.00,5900.00,2013-01-22,2026-01-19 16:03:50.006 +0200
87,312,Zagazig Road Grill,restaurant,grilled_food,23,15,7,145,18000.00,26000.00,5800.00,2012-05-17,2026-01-19 16:03:50.006 +0200
88,313,Zagazig Road Electronics,retail,electronics,13,11,6,80,17000.00,14000.00,3200.00,2017-07-29,2026-01-19 16:03:50.006 +0200
89,314,Zagazig Road Repair Hub,service,electronics_repair,17,10,6,60,15000.00,13000.00,2800.00,2015-09-13,2026-01-19 16:03:50.006 +0200
90,315,Zagazig Road Coffee Stop,cafe,coffee_beverages,8,12,7,70,15000.00,12000.00,2900.00,2020-11-05,2026-01-19 16:03:50.006 +0200
91,281,Qaha Station Grocery,grocery,food_items,19,14,7,160,18000.00,29000.00,5600.00,2014-02-27,2026-01-19 16:03:50.006 +0200
92,282,Qaha Market Grill,restaurant,grilled_food,22,15,7,150,18000.00,27000.00,6000.00,2013-06-18,2026-01-19 16:03:50.006 +0200
93,283,Qaha Electronics Repair,service,electronics_repair,15,10,6,60,15000.00,13000.00,2800.00,2016-08-09,2026-01-19 16:03:50.006 +0200
94,284,Qaha Coffee Corner,cafe,coffee_beverages,7,12,7,65,14000.00,12000.00,2800.00,2021-01-14,2026-01-19 16:03:50.006 +0200
95,285,Qaha Pharmacy,pharmacy,medicines,11,12,7,60,15000.00,13000.00,3000.00,2018-03-03,2026-01-19 16:03:50.006 +0200
96,286,Tukh Central Grocery,grocery,food_items,20,14,7,170,19000.00,32000.00,6100.00,2013-12-06,2026-01-19 16:03:50.006 +0200
97,287,Tukh Market Fish,retail,seafood,25,13,7,95,17000.00,18000.00,3700.00,2011-07-21,2026-01-19 16:03:50.006 +0200
98,288,Tukh Electronics,retail,electronics,14,11,6,85,16000.00,14000.00,3200.00,2017-10-02,2026-01-19 16:03:50.006 +0200
99,289,Tukh Repair Services,service,general_repair,18,10,6,65,15000.00,13000.00,2800.00,2015-04-11,2026-01-19 16:03:50.006 +0200
100,290,Tukh Coffee House,cafe,coffee_beverages,9,12,7,70,15000.00,12000.00,2900.00,2019-06-24,2026-01-19 16:03:50.006 +0200
101,36,Zamalek Artisan Bakery,bakery,bread_pastries,14,12,6,70,24000.00,17000.00,3800.00,2017-02-12,2026-01-19 16:03:50.006 +0200
102,37,Brazil Street Cafe,cafe,coffee_beverages,6,12,7,60,23000.00,15000.00,3500.00,2021-06-19,2026-01-19 16:03:50.006 +0200
103,38,Ismail Mohamed Boutique,retail,clothing,11,10,6,85,26000.00,16000.00,3400.00,2018-09-03,2026-01-19 16:03:50.006 +0200
104,39,Gezira Club Snacks,restaurant,snacks,5,12,7,50,20000.00,12000.00,3000.00,2022-04-27,2026-01-19 16:03:50.006 +0200
105,40,Abou El Feda Pharmacy,pharmacy,medicines,13,12,7,65,22000.00,14000.00,3600.00,2016-11-15,2026-01-19 16:03:50.006 +0200
106,41,Garden City Gourmet,restaurant,international_food,16,12,6,140,30000.00,29000.00,6200.00,2016-01-18,2026-01-19 16:03:50.006 +0200
107,42,Simon Bolivar Mini Market,grocery,food_items,19,14,7,150,21000.00,30000.00,5600.00,2014-07-22,2026-01-19 16:03:50.006 +0200
108,43,Corniche Nile View Cafe,cafe,coffee_beverages,8,12,7,80,26000.00,17000.00,4100.00,2019-10-05,2026-01-19 16:03:50.006 +0200
109,44,Embassy Area Flowers,retail,flowers,12,10,6,55,24000.00,11000.00,2700.00,2017-05-09,2026-01-19 16:03:50.006 +0200
110,45,Falaky Square Juice Bar,cafe,fresh_juice,6,11,7,50,22000.00,10000.00,2600.00,2020-08-16,2026-01-19 16:03:50.006 +0200
111,46,Ahmed El Zomor Grill,restaurant,grilled_food,15,14,7,145,25000.00,27000.00,5800.00,2016-04-02,2026-01-19 16:03:50.006 +0200
112,47,Zahraa Nasr Grocery,grocery,food_items,18,14,7,165,19000.00,30000.00,5600.00,2015-01-14,2026-01-19 16:03:50.006 +0200
113,48,Waha Mobile Center,retail,mobile_accessories,7,11,7,60,17000.00,12000.00,2800.00,2021-03-21,2026-01-19 16:03:50.006 +0200
114,49,El Hay El Asher Cafe,cafe,coffee_beverages,5,12,7,65,18000.00,14000.00,3200.00,2022-07-11,2026-01-19 16:03:50.006 +0200
115,50,El Hay El Sabea Pharmacy,pharmacy,medicines,10,12,7,60,16000.00,13000.00,3000.00,2018-12-29,2026-01-19 16:03:50.006 +0200
116,51,Helwan Corniche Seafood,restaurant,seafood,17,14,7,150,21000.00,26000.00,6000.00,2015-06-07,2026-01-19 16:03:50.006 +0200
117,52,Helwan University Print Shop,service,printing,21,10,6,55,15000.00,11000.00,2600.00,2013-09-18,2026-01-19 16:03:50.006 +0200
118,53,"15th of May Grocery",grocery,food_items,16,14,7,145,18000.00,28000.00,5400.00,2016-02-03,2026-01-19 16:03:50.006 +0200
119,54,Masaken El Shabab Cafe,cafe,coffee_beverages,7,12,7,70,16000.00,13000.00,3000.00,2020-11-20,2026-01-19 16:03:50.006 +0200
120,55,Helwan Fish Market Grill,restaurant,grilled_food,22,15,7,160,19000.00,29000.00,6200.00,2013-08-26,2026-01-19 16:03:50.006 +0200
121,56,Agouza Nile Grocery,grocery,food_items,20,14,7,155,19000.00,30000.00,5700.00,2014-03-12,2026-01-19 16:03:50.006 +0200
122,57,Mit Akaba Hardware,retail,hardware_tools,24,11,6,110,16000.00,19000.00,3600.00,2012-05-19,2026-01-19 16:03:50.006 +0200
123,58,El Mohandiseen Cafe,cafe,coffee_beverages,9,12,7,75,19000.00,15000.00,3500.00,2019-09-08,2026-01-19 16:03:50.006 +0200
124,59,Ard El Lewa Market Grocery,grocery,food_items,23,14,7,170,18000.00,32000.00,6100.00,2013-04-23,2026-01-19 16:03:50.006 +0200
125,60,Corniche View Pastry,bakery,desserts,14,11,6,65,20000.00,14000.00,3300.00,2017-11-30,2026-01-19 16:03:50.006 +0200
126,61,Kit Kat Electronics,retail,electronics,13,11,6,90,17000.00,15000.00,3200.00,2018-06-02,2026-01-19 16:03:50.006 +0200
127,62,Ard El Lewa Phone Repair,service,mobile_repair,15,10,6,55,14000.00,12000.00,2700.00,2016-10-15,2026-01-19 16:03:50.006 +0200
128,63,Geziret Badran Grocery,grocery,food_items,21,14,7,160,19000.00,30000.00,5600.00,2014-12-07,2026-01-19 16:03:50.006 +0200
129,64,Imbaba Street Grill,restaurant,grilled_food,19,15,7,145,18000.00,27000.00,6000.00,2015-07-09,2026-01-19 16:03:50.006 +0200
130,65,Imbaba Juice Stop,cafe,fresh_juice,6,11,7,55,15000.00,10000.00,2400.00,2021-05-28,2026-01-19 16:03:50.006 +0200
131,66,El Khalifa Coffee House,cafe,coffee_beverages,8,12,7,70,15000.00,12000.00,2900.00,2019-08-17,2026-01-19 16:03:50.006 +0200
132,67,Sayeda Zeinab Grocery,grocery,food_items,22,14,7,165,18000.00,31000.00,6000.00,2013-02-04,2026-01-19 16:03:50.006 +0200
133,68,Port Said Street Phones,retail,mobile_phones,11,11,6,75,16000.00,13000.00,3000.00,2018-09-12,2026-01-19 16:03:50.006 +0200
134,69,Sayeda Zeinab Sweets,bakery,traditional_sweets,18,12,6,60,15000.00,16000.00,3300.00,2015-01-27,2026-01-19 16:03:50.006 +0200
135,70,Corniche Axis Snacks,restaurant,snacks,7,12,7,55,16000.00,12000.00,2800.00,2020-10-01,2026-01-19 16:03:50.006 +0200
136,71,Bulaq River Cafe,cafe,coffee_beverages,10,12,7,75,17000.00,14000.00,3300.00,2018-03-14,2026-01-19 16:03:50.006 +0200
137,72,Maspero Daily Grocery,grocery,food_items,19,14,7,160,20000.00,30000.00,5800.00,2014-09-06,2026-01-19 16:03:50.006 +0200
138,73,Abou El Ela Koshary,restaurant,egyptian_food,21,15,7,140,19000.00,26000.00,5900.00,2013-11-18,2026-01-19 16:03:50.006 +0200
139,74,Bulaq Electronics Fix,service,electronics_repair,16,10,6,60,15000.00,13000.00,2800.00,2016-06-21,2026-01-19 16:03:50.006 +0200
140,75,Railway Axis Coffee Stop,cafe,coffee_beverages,6,12,7,65,16000.00,12000.00,2900.00,2021-12-03,2026-01-19 16:03:50.006 +0200
141,77,Fustat Craft Souvenirs,retail,handicrafts,20,10,6,95,17000.00,16000.00,3400.00,2014-05-29,2026-01-19 16:03:50.006 +0200
142,78,Ain El Sira Grocery,grocery,food_items,23,14,7,170,18000.00,32000.00,6100.00,2012-08-11,2026-01-19 16:03:50.006 +0200
143,79,Magra El Oyoun Butchery,retail,meat_products,26,12,7,85,16000.00,18000.00,3600.00,2011-10-02,2026-01-19 16:03:50.006 +0200
144,80,Old Cairo Tea House,cafe,tea_drinks,12,12,7,70,15000.00,13000.00,3000.00,2018-01-20,2026-01-19 16:03:50.006 +0200
145,76,Old Cairo Spice Market,retail,spices,28,11,6,70,14000.00,16000.00,2800.00,2010-06-17,2026-01-19 16:03:50.006 +0200
146,91,Warraq Island Supermarket,grocery,food_items,20,14,7,165,18000.00,30000.00,5800.00,2014-02-09,2026-01-19 16:03:50.006 +0200
147,92,Warraq Grill House,restaurant,grilled_food,22,15,7,150,18000.00,27000.00,6000.00,2013-07-28,2026-01-19 16:03:50.006 +0200
148,93,Warraq Phone Repair,service,mobile_repair,14,10,6,55,14000.00,12000.00,2600.00,2017-04-16,2026-01-19 16:03:50.006 +0200
149,94,Warraq Ferry Snacks,restaurant,snacks,7,12,7,50,14000.00,11000.00,2500.00,2021-09-05,2026-01-19 16:03:50.006 +0200
150,95,Warraq Corniche Cafe,cafe,coffee_beverages,9,12,7,75,16000.00,14000.00,3300.00,2019-12-12,2026-01-19 16:03:50.006 +0200
151,96,Bab El Shaaria Electronics,retail,electronics,15,11,6,90,17000.00,15000.00,3200.00,2017-02-18,2026-01-19 16:03:50.006 +0200
152,97,Bab El Shaaria Market Grocery,grocery,food_items,24,14,7,175,19000.00,33000.00,6200.00,2012-03-07,2026-01-19 16:03:50.006 +0200
153,98,Port Said Axis Pharmacy,pharmacy,medicines,13,12,7,65,15000.00,13000.00,3000.00,2018-10-26,2026-01-19 16:03:50.006 +0200
154,99,Sabtiya Auto Parts,retail,auto_parts,27,11,6,120,16000.00,19000.00,3600.00,2011-04-03,2026-01-19 16:03:50.006 +0200
155,100,Railway Zone Snack Bar,restaurant,snacks,6,12,7,55,15000.00,12000.00,2700.00,2022-01-15,2026-01-19 16:03:50.006 +0200
156,101,El Salam Main Grocery,grocery,food_items,21,14,7,165,18000.00,31000.00,5900.00,2013-09-21,2026-01-19 16:03:50.006 +0200
157,102,El Salam Grill Corner,restaurant,grilled_food,23,15,7,150,18000.00,27000.00,6000.00,2012-12-11,2026-01-19 16:03:50.006 +0200
158,103,El Salam Industrial Tools,retail,industrial_tools,19,11,6,130,16000.00,21000.00,3900.00,2016-07-08,2026-01-19 16:03:50.006 +0200
159,104,El Salam Transport Snacks,restaurant,snacks,7,12,7,50,14000.00,11000.00,2500.00,2021-11-23,2026-01-19 16:03:50.006 +0200
160,105,Ring Road Coffee Point,cafe,coffee_beverages,5,12,7,60,15000.00,12000.00,2900.00,2022-05-30,2026-01-19 16:03:50.006 +0200
161,306,Mashtoul Central Grocery,grocery,food_items,19,14,7,160,18000.00,30000.00,5800.00,2014-01-09,2026-01-19 16:03:50.006 +0200
162,307,Mashtoul Market Fish,retail,seafood,25,13,7,95,17000.00,18000.00,3700.00,2011-06-28,2026-01-19 16:03:50.006 +0200
163,308,Mashtoul Repair Services,service,general_repair,17,10,6,65,15000.00,13000.00,2800.00,2016-05-14,2026-01-19 16:03:50.006 +0200
164,309,Mashtoul Snack Point,restaurant,snacks,7,12,7,55,14000.00,11000.00,2600.00,2021-04-18,2026-01-19 16:03:50.006 +0200
165,310,Mashtoul Coffee Stop,cafe,coffee_beverages,9,12,7,70,15000.00,13000.00,3000.00,2019-09-02,2026-01-19 16:03:50.006 +0200
166,311,Zagazig Road Grocery,grocery,food_items,22,14,7,170,19000.00,33000.00,6200.00,2012-02-13,2026-01-19 16:03:50.006 +0200
167,312,Zagazig Road Grill House,restaurant,grilled_food,24,15,7,145,18000.00,27000.00,6000.00,2011-10-07,2026-01-19 16:03:50.006 +0200
168,313,Zagazig Road Electronics,retail,electronics,14,11,6,85,16000.00,14000.00,3200.00,2017-08-16,2026-01-19 16:03:50.006 +0200
169,314,Zagazig Road Repair Hub,service,electronics_repair,18,10,6,60,15000.00,13000.00,2800.00,2015-12-05,2026-01-19 16:03:50.006 +0200
170,315,Zagazig Road Coffee Corner,cafe,coffee_beverages,8,12,7,70,15000.00,12000.00,2900.00,2020-10-14,2026-01-19 16:03:50.006 +0200
171,281,Qaha Station Grocery,grocery,food_items,20,14,7,165,18000.00,30000.00,5800.00,2013-03-22,2026-01-19 16:03:50.006 +0200
172,282,Qaha Market Grill,restaurant,grilled_food,23,15,7,150,18000.00,27000.00,6000.00,2012-05-11,2026-01-19 16:03:50.006 +0200
173,283,Qaha Electronics Repair,service,electronics_repair,16,10,6,60,15000.00,13000.00,2800.00,2016-09-01,2026-01-19 16:03:50.006 +0200
174,284,Qaha Coffee Spot,cafe,coffee_beverages,7,12,7,65,14000.00,12000.00,2800.00,2021-02-19,2026-01-19 16:03:50.006 +0200
175,285,Qaha Community Pharmacy,pharmacy,medicines,12,12,7,60,15000.00,13000.00,3000.00,2018-04-07,2026-01-19 16:03:50.006 +0200
176,286,Tukh Central Grocery,grocery,food_items,21,14,7,170,19000.00,33000.00,6200.00,2012-01-05,2026-01-19 16:03:50.006 +0200
177,287,Tukh Market Seafood,retail,seafood,26,13,7,100,17000.00,19000.00,3800.00,2010-08-12,2026-01-19 16:03:50.006 +0200
178,288,Tukh Electronics Store,retail,electronics,15,11,6,90,16000.00,15000.00,3300.00,2017-11-21,2026-01-19 16:03:50.006 +0200
179,289,Tukh Repair Center,service,general_repair,19,10,6,70,15000.00,14000.00,2900.00,2015-05-03,2026-01-19 16:03:50.006 +0200
180,290,Tukh Coffee House,cafe,coffee_beverages,9,12,7,75,15000.00,13000.00,3000.00,2019-07-14,2026-01-19 16:03:50.006 +0200
181,291,Shebin El Qanater Grocery,grocery,food_items,22,14,7,175,19000.00,34000.00,6400.00,2012-03-18,2026-01-19 16:03:50.006 +0200
182,292,Shebin El Qanater Grill,restaurant,grilled_food,24,15,7,155,18000.00,28000.00,6100.00,2011-12-09,2026-01-19 16:03:50.006 +0200
183,293,Shebin El Qanater Hardware,retail,hardware_tools,28,11,6,120,16000.00,20000.00,3800.00,2010-06-26,2026-01-19 16:03:50.006 +0200
184,294,Shebin El Qanater Phone Repair,service,mobile_repair,17,10,6,65,15000.00,14000.00,2900.00,2016-02-01,2026-01-19 16:03:50.006 +0200
185,295,Shebin El Qanater Cafe,cafe,coffee_beverages,10,12,7,80,15000.00,14000.00,3300.00,2018-09-22,2026-01-19 16:03:50.006 +0200
186,296,Abu Zaabal Industrial Grocery,grocery,food_items,20,14,7,165,18000.00,31000.00,6000.00,2013-04-30,2026-01-19 16:03:50.006 +0200
187,297,Abu Zaabal Market Grill,restaurant,grilled_food,23,15,7,150,18000.00,27000.00,6000.00,2012-07-15,2026-01-19 16:03:50.006 +0200
188,298,Abu Zaabal Electronics Repair,service,electronics_repair,16,10,6,60,15000.00,13000.00,2800.00,2016-11-08,2026-01-19 16:03:50.006 +0200
189,299,Abu Zaabal Coffee Stop,cafe,coffee_beverages,8,12,7,70,15000.00,12000.00,2900.00,2020-01-27,2026-01-19 16:03:50.006 +0200
190,300,Abu Zaabal Pharmacy,pharmacy,medicines,12,12,7,60,15000.00,13000.00,3000.00,2018-05-06,2026-01-19 16:03:50.006 +0200
191,301,Bilbeis Central Grocery,grocery,food_items,22,14,7,175,19000.00,34000.00,6400.00,2012-02-16,2026-01-19 16:03:50.006 +0200
192,302,Bilbeis Market Grill,restaurant,grilled_food,25,15,7,155,18000.00,28000.00,6100.00,2011-09-03,2026-01-19 16:03:50.006 +0200
193,303,Bilbeis Electronics Store,retail,electronics,14,11,6,90,16000.00,15000.00,3300.00,2017-06-24,2026-01-19 16:03:50.006 +0200
194,304,Bilbeis Repair Hub,service,general_repair,18,10,6,70,15000.00,14000.00,2900.00,2015-10-18,2026-01-19 16:03:50.006 +0200
195,305,Bilbeis Coffee House,cafe,coffee_beverages,9,12,7,75,15000.00,13000.00,3000.00,2019-03-29,2026-01-19 16:03:50.006 +0200
196,306,Mashtoul Road Grocery,grocery,food_items,21,14,7,170,19000.00,33000.00,6200.00,2012-01-11,2026-01-19 16:03:50.006 +0200
197,307,Mashtoul Road Grill,restaurant,grilled_food,24,15,7,150,18000.00,28000.00,6100.00,2011-11-05,2026-01-19 16:03:50.006 +0200
198,308,Mashtoul Road Hardware,retail,hardware_tools,29,11,6,130,16000.00,21000.00,3900.00,2010-05-14,2026-01-19 16:03:50.006 +0200
199,309,Mashtoul Road Repair Center,service,general_repair,19,10,6,70,15000.00,14000.00,2900.00,2015-08-21,2026-01-19 16:03:50.006 +0200
200,310,Mashtoul Road Coffee Stop,cafe,coffee_beverages,10,12,7,80,15000.00,14000.00,3300.00,2018-12-02,2026-01-19 16:03:50.006 +0200
201,71,Bulaq Central Grocery,grocery,food_items,21,14,7,160,18500.00,29500.00,5700.00,2014-02-12,2026-01-19 16:03:50.006 +0200
202,72,Maspero Koshary,restaurant,egyptian_food,19,15,7,130,20000.00,26000.00,5600.00,2015-06-21,2026-01-19 16:03:50.006 +0200
203,73,Abou El Ela Electronics,retail,electronics,14,11,6,85,17000.00,14500.00,3200.00,2017-03-08,2026-01-19 16:03:50.006 +0200
204,74,Bulaq Phone Repair,service,mobile_repair,16,10,6,60,15000.00,13000.00,2800.00,2016-10-19,2026-01-19 16:03:50.006 +0200
205,75,Corniche View Coffee,cafe,coffee_beverages,9,12,7,75,16500.00,14500.00,3300.00,2019-08-04,2026-01-19 16:03:50.006 +0200
206,77,Fustat Heritage Cafe,cafe,coffee_beverages,11,12,7,70,15000.00,13000.00,3000.00,2018-02-15,2026-01-19 16:03:50.006 +0200
207,77,Fustat Daily Grocery,grocery,food_items,23,14,7,170,18000.00,32000.00,6100.00,2012-11-09,2026-01-19 16:03:50.006 +0200
208,78,Ain El Sira Snacks,restaurant,snacks,7,12,7,55,15000.00,12000.00,2800.00,2021-07-18,2026-01-19 16:03:50.006 +0200
209,79,Magra El Oyoun Butchery,retail,meat_products,27,12,7,90,16000.00,18500.00,3700.00,2011-04-22,2026-01-19 16:03:50.006 +0200
210,80,Old Cairo Spice Corner,retail,spices,29,11,6,75,14500.00,16500.00,2900.00,2010-09-01,2026-01-19 16:03:50.006 +0200
211,81,New Cairo Express Cafe,cafe,coffee_beverages,6,12,7,65,23000.00,15000.00,3500.00,2021-05-14,2026-01-19 16:03:50.006 +0200
212,82,North 90th Street Pharmacy,pharmacy,medicines,12,12,7,70,25000.00,16000.00,3800.00,2018-01-19,2026-01-19 16:03:50.006 +0200
213,83,South 90th Mini Market,grocery,food_items,14,13,7,140,22000.00,26000.00,5200.00,2019-10-07,2026-01-19 16:03:50.006 +0200
214,84,Downtown Mall Food Court,restaurant,fast_food,8,14,7,110,28000.00,24000.00,5600.00,2020-09-25,2026-01-19 16:03:50.006 +0200
215,85,AUC Gate Coffee,cafe,coffee_beverages,5,11,7,55,21000.00,12000.00,3000.00,2022-03-30,2026-01-19 16:03:50.006 +0200
216,86,Maadi Corniche Restaurant,restaurant,international_food,15,13,7,150,26000.00,28000.00,6000.00,2016-05-11,2026-01-19 16:03:50.006 +0200
217,87,Road 9 Grocery,grocery,food_items,18,14,7,165,21000.00,30000.00,5800.00,2014-07-03,2026-01-19 16:03:50.006 +0200
218,88,Degla Electronics,retail,electronics,13,11,6,85,20000.00,15000.00,3400.00,2017-09-22,2026-01-19 16:03:50.006 +0200
219,89,Zahraa El Maadi Pharmacy,pharmacy,medicines,11,12,7,65,18000.00,14000.00,3200.00,2018-11-02,2026-01-19 16:03:50.006 +0200
220,90,Maadi Market Bakery,bakery,bread_pastries,20,12,6,80,19000.00,17000.00,3600.00,2015-01-28,2026-01-19 16:03:50.006 +0200
221,91,Warraq Main Grocery,grocery,food_items,22,14,7,170,17500.00,32000.00,6000.00,2013-03-17,2026-01-19 16:03:50.006 +0200
222,92,Warraq Island Grill,restaurant,grilled_food,24,15,7,150,18000.00,27000.00,6100.00,2012-10-09,2026-01-19 16:03:50.006 +0200
223,93,Warraq Electronics Store,retail,electronics,15,11,6,90,16500.00,15000.00,3300.00,2017-02-21,2026-01-19 16:03:50.006 +0200
224,94,Warraq Mobile Fix,service,mobile_repair,18,10,6,60,14500.00,13000.00,2800.00,2015-06-12,2026-01-19 16:03:50.006 +0200
225,95,Warraq Coffee Point,cafe,coffee_beverages,9,12,7,75,15500.00,14000.00,3300.00,2019-12-01,2026-01-19 16:03:50.006 +0200
226,96,Bab El Shaaria Central Market,grocery,food_items,25,14,7,180,19000.00,34000.00,6400.00,2011-08-14,2026-01-19 16:03:50.006 +0200
227,97,Bab El Shaaria Grill,restaurant,grilled_food,26,15,7,160,18500.00,29000.00,6300.00,2010-05-03,2026-01-19 16:03:50.006 +0200
228,98,Port Said Street Phones,retail,mobile_phones,14,11,6,85,16500.00,14000.00,3100.00,2018-04-27,2026-01-19 16:03:50.006 +0200
229,99,Sabtiya Auto Supplies,retail,auto_parts,28,11,6,125,17000.00,19500.00,3700.00,2009-09-18,2026-01-19 16:03:50.006 +0200
230,100,Railway Snack Corner,restaurant,snacks,7,12,7,55,15000.00,12000.00,2700.00,2022-02-10,2026-01-19 16:03:50.006 +0200
231,101,El Salam Mega Grocery,grocery,food_items,23,14,7,180,18500.00,33000.00,6200.00,2012-06-24,2026-01-19 16:03:50.006 +0200
232,102,El Salam Grill House,restaurant,grilled_food,25,15,7,155,18000.00,28000.00,6100.00,2011-11-15,2026-01-19 16:03:50.006 +0200
233,103,El Salam Industrial Hardware,retail,industrial_tools,20,11,6,140,16500.00,22000.00,4000.00,2016-03-05,2026-01-19 16:03:50.006 +0200
234,104,El Salam Phone Repair,service,mobile_repair,17,10,6,65,15000.00,14000.00,2900.00,2015-08-27,2026-01-19 16:03:50.006 +0200
235,105,Ring Road Coffee Stop,cafe,coffee_beverages,6,12,7,60,15500.00,12000.00,2900.00,2021-04-08,2026-01-19 16:03:50.006 +0200
236,306,Mashtoul Central Grocery,grocery,food_items,21,14,7,175,18000.00,33000.00,6200.00,2012-01-29,2026-01-19 16:03:50.006 +0200
237,307,Mashtoul Grill & BBQ,restaurant,grilled_food,24,15,7,155,17500.00,28000.00,6100.00,2011-07-19,2026-01-19 16:03:50.006 +0200
238,308,Mashtoul Electronics,retail,electronics,15,11,6,95,16500.00,15500.00,3400.00,2017-12-11,2026-01-19 16:03:50.006 +0200
239,309,Mashtoul Repair Hub,service,general_repair,19,10,6,70,15000.00,14000.00,2900.00,2015-03-02,2026-01-19 16:03:50.006 +0200
240,310,Mashtoul Coffee Corner,cafe,coffee_beverages,10,12,7,80,15000.00,14000.00,3300.00,2019-09-18,2026-01-19 16:03:50.006 +0200
241,311,Zagazig Road Grocery Plus,grocery,food_items,23,14,7,180,19000.00,34000.00,6400.00,2011-10-14,2026-01-19 16:03:50.006 +0200
242,312,Zagazig Road Grill,restaurant,grilled_food,26,15,7,160,18500.00,29000.00,6300.00,2010-06-21,2026-01-19 16:03:50.006 +0200
243,313,Zagazig Road Electronics Shop,retail,electronics,15,11,6,95,16500.00,15500.00,3400.00,2018-03-17,2026-01-19 16:03:50.006 +0200
244,314,Zagazig Road Repair Services,service,electronics_repair,18,10,6,65,15000.00,14000.00,2900.00,2016-09-09,2026-01-19 16:03:50.006 +0200
245,315,Zagazig Road Coffee Point,cafe,coffee_beverages,9,12,7,75,15000.00,14000.00,3300.00,2020-12-27,2026-01-19 16:03:50.006 +0200
246,281,Qaha Central Grocery,grocery,food_items,22,14,7,175,18500.00,33000.00,6200.00,2012-04-06,2026-01-19 16:03:50.006 +0200
247,282,Qaha Grill Station,restaurant,grilled_food,25,15,7,155,18000.00,28000.00,6100.00,2011-01-25,2026-01-19 16:03:50.006 +0200
248,283,Qaha Electronics Store,retail,electronics,14,11,6,90,16500.00,15000.00,3300.00,2017-07-14,2026-01-19 16:03:50.006 +0200
249,284,Qaha Repair Center,service,general_repair,19,10,6,70,15000.00,14000.00,2900.00,2015-11-03,2026-01-19 16:03:50.006 +0200
250,285,Qaha Coffee Stop,cafe,coffee_beverages,9,12,7,75,15000.00,14000.00,3300.00,2019-06-19,2026-01-19 16:03:50.006 +0200
251,286,Tukh Mega Grocery,grocery,food_items,23,14,7,180,19000.00,34000.00,6400.00,2011-12-08,2026-01-19 16:03:50.006 +0200
252,287,Tukh Grill House,restaurant,grilled_food,26,15,7,160,18500.00,29000.00,6300.00,2010-08-23,2026-01-19 16:03:50.006 +0200
253,288,Tukh Electronics Hub,retail,electronics,15,11,6,95,16500.00,15500.00,3400.00,2018-02-05,2026-01-19 16:03:50.006 +0200
254,289,Tukh Repair Workshop,service,general_repair,18,10,6,70,15000.00,14000.00,2900.00,2016-06-14,2026-01-19 16:03:50.006 +0200
255,290,Tukh Coffee Lounge,cafe,coffee_beverages,10,12,7,80,15000.00,14000.00,3300.00,2019-10-31,2026-01-19 16:03:50.006 +0200
256,291,Shebin El Qanater Central Grocery,grocery,food_items,24,14,7,185,19500.00,35000.00,6600.00,2011-02-11,2026-01-19 16:03:50.006 +0200
257,292,Shebin El Qanater Grill,restaurant,grilled_food,27,15,7,165,19000.00,30000.00,6500.00,2010-04-29,2026-01-19 16:03:50.006 +0200
258,293,Shebin El Qanater Hardware,retail,hardware_tools,29,11,6,135,17000.00,21000.00,3900.00,2009-07-08,2026-01-19 16:03:50.006 +0200
259,294,Shebin El Qanater Repair Shop,service,general_repair,19,10,6,75,15500.00,14500.00,3000.00,2016-12-02,2026-01-19 16:03:50.006 +0200
260,295,Shebin El Qanater Coffee Stop,cafe,coffee_beverages,11,12,7,85,15500.00,14500.00,3400.00,2018-08-15,2026-01-19 16:03:50.006 +0200
261,296,Abu Zaabal Grocery,grocery,food_items,22,14,7,175,18500.00,33000.00,6200.00,2012-05-20,2026-01-19 16:03:50.006 +0200
262,297,Abu Zaabal Grill,restaurant,grilled_food,25,15,7,160,18000.00,28000.00,6100.00,2011-03-11,2026-01-19 16:03:50.006 +0200
263,298,Abu Zaabal Electronics,retail,electronics,14,11,6,95,16500.00,15500.00,3400.00,2017-10-04,2026-01-19 16:03:50.006 +0200
264,299,Abu Zaabal Repair Center,service,electronics_repair,18,10,6,70,15000.00,14000.00,2900.00,2016-02-18,2026-01-19 16:03:50.006 +0200
265,300,Abu Zaabal Coffee Corner,cafe,coffee_beverages,9,12,7,75,15000.00,14000.00,3300.00,2020-01-09,2026-01-19 16:03:50.006 +0200
266,301,Bilbeis Central Grocery,grocery,food_items,23,14,7,180,19500.00,35000.00,6600.00,2011-01-27,2026-01-19 16:03:50.006 +0200
267,302,Bilbeis Grill Station,restaurant,grilled_food,26,15,7,165,19000.00,30000.00,6500.00,2010-06-03,2026-01-19 16:03:50.006 +0200
268,303,Bilbeis Electronics Hub,retail,electronics,15,11,6,100,17000.00,16000.00,3500.00,2018-05-12,2026-01-19 16:03:50.006 +0200
269,304,Bilbeis Repair Services,service,general_repair,19,10,6,75,15500.00,14500.00,3000.00,2016-09-28,2026-01-19 16:03:50.006 +0200
270,305,Bilbeis Coffee Stop,cafe,coffee_beverages,10,12,7,85,15500.00,14500.00,3400.00,2019-11-21,2026-01-19 16:03:50.006 +0200
271,306,Mashtoul Road Grocery Plus,grocery,food_items,22,14,7,175,19000.00,34000.00,6400.00,2011-04-13,2026-01-19 16:03:50.006 +0200
272,307,Mashtoul Road Grill,restaurant,grilled_food,25,15,7,160,18500.00,29000.00,6300.00,2010-10-19,2026-01-19 16:03:50.006 +0200
273,308,Mashtoul Road Electronics,retail,electronics,14,11,6,95,16500.00,15500.00,3400.00,2017-07-07,2026-01-19 16:03:50.006 +0200
274,309,Mashtoul Road Repair Hub,service,general_repair,18,10,6,70,15000.00,14000.00,2900.00,2016-03-26,2026-01-19 16:03:50.006 +0200
275,310,Mashtoul Road Coffee Corner,cafe,coffee_beverages,9,12,7,75,15000.00,14000.00,3300.00,2019-08-09,2026-01-19 16:03:50.006 +0200
276,281,Qaha Market Grocery Plus,grocery,food_items,23,14,7,180,19500.00,35000.00,6600.00,2011-02-05,2026-01-19 16:03:50.006 +0200
277,282,Qaha Market Grill,restaurant,grilled_food,26,15,7,165,19000.00,30000.00,6500.00,2010-09-12,2026-01-19 16:03:50.006 +0200
278,283,Qaha Electronics Center,retail,electronics,15,11,6,100,17000.00,16000.00,3500.00,2018-01-28,2026-01-19 16:03:50.006 +0200
279,284,Qaha Repair Workshop,service,general_repair,19,10,6,75,15500.00,14500.00,3000.00,2016-07-19,2026-01-19 16:03:50.006 +0200
280,285,Qaha Coffee Lounge,cafe,coffee_beverages,10,12,7,85,15500.00,14500.00,3400.00,2019-05-16,2026-01-19 16:03:50.006 +0200
281,286,Tukh Central Grocery Plus,grocery,food_items,23,14,7,185,19500.00,35000.00,6600.00,2011-03-02,2026-01-19 16:03:50.006 +0200
282,287,Tukh Grill & BBQ,restaurant,grilled_food,27,15,7,165,19000.00,30000.00,6500.00,2010-11-21,2026-01-19 16:03:50.006 +0200
283,288,Tukh Electronics World,retail,electronics,16,11,6,105,17500.00,16500.00,3600.00,2018-06-10,2026-01-19 16:03:50.006 +0200
284,289,Tukh Repair Services,service,general_repair,20,10,6,80,16000.00,15000.00,3100.00,2016-12-14,2026-01-19 16:03:50.006 +0200
285,290,Tukh Coffee Point,cafe,coffee_beverages,11,12,7,90,16000.00,15000.00,3500.00,2019-10-02,2026-01-19 16:03:50.006 +0200
286,291,Shebin Central Grocery Plus,grocery,food_items,24,14,7,190,20000.00,36000.00,6800.00,2011-01-18,2026-01-19 16:03:50.006 +0200
287,292,Shebin Grill House,restaurant,grilled_food,28,15,7,170,19500.00,31000.00,6700.00,2010-08-07,2026-01-19 16:03:50.006 +0200
288,293,Shebin Electronics Center,retail,electronics,16,11,6,110,18000.00,17000.00,3700.00,2018-09-01,2026-01-19 16:03:50.006 +0200
289,294,Shebin Repair Workshop,service,general_repair,21,10,6,85,16500.00,15500.00,3200.00,2016-05-22,2026-01-19 16:03:50.006 +0200
290,295,Shebin Coffee Stop,cafe,coffee_beverages,12,12,7,95,16500.00,15500.00,3600.00,2019-12-12,2026-01-19 16:03:50.006 +0200
291,296,Abu Zaabal Central Grocery Plus,grocery,food_items,23,14,7,185,19500.00,35000.00,6600.00,2011-06-09,2026-01-19 16:03:50.006 +0200
292,297,Abu Zaabal Grill Corner,restaurant,grilled_food,27,15,7,165,19000.00,30000.00,6500.00,2010-04-15,2026-01-19 16:03:50.006 +0200
293,298,Abu Zaabal Electronics World,retail,electronics,16,11,6,105,17500.00,16500.00,3600.00,2018-02-22,2026-01-19 16:03:50.006 +0200
294,299,Abu Zaabal Repair Services,service,electronics_repair,20,10,6,80,16000.00,15000.00,3100.00,2016-11-06,2026-01-19 16:03:50.006 +0200
295,300,Abu Zaabal Coffee Lounge,cafe,coffee_beverages,11,12,7,90,16000.00,15000.00,3500.00,2019-07-27,2026-01-19 16:03:50.006 +0200
296,301,Bilbeis Central Grocery Plus,grocery,food_items,24,14,7,190,20000.00,36000.00,6800.00,2011-02-24,2026-01-19 16:03:50.006 +0200
297,302,Bilbeis Grill House,restaurant,grilled_food,28,15,7,170,19500.00,31000.00,6700.00,2010-09-09,2026-01-19 16:03:50.006 +0200
298,303,Bilbeis Electronics Center,retail,electronics,16,11,6,110,18000.00,17000.00,3700.00,2018-12-03,2026-01-19 16:03:50.006 +0200
299,304,Bilbeis Repair Workshop,service,general_repair,21,10,6,85,16500.00,15500.00,3200.00,2016-08-17,2026-01-19 16:03:50.006 +0200
300,305,Bilbeis Coffee Stop,cafe,coffee_beverages,12,12,7,95,16500.00,15500.00,3600.00,2019-11-30,2026-01-19 16:03:50.006 +0200
301,227,Shubra El Kheima Mega Grocery,grocery,food_items,25,14,7,200,20000.00,38000.00,7000.00,2011-02-03,2026-01-19 16:03:50.006 +0200
302,227,Shubra El Kheima Grill House,restaurant,grilled_food,27,15,7,175,19500.00,32000.00,6700.00,2010-07-19,2026-01-19 16:03:50.006 +0200
303,227,Shubra El Kheima Electronics,retail,electronics,16,11,6,120,18500.00,17500.00,3800.00,2018-04-08,2026-01-19 16:03:50.006 +0200
304,227,Shubra El Kheima Phone Repair,service,mobile_repair,20,10,6,80,16500.00,15500.00,3200.00,2015-11-02,2026-01-19 16:03:50.006 +0200
305,227,Shubra El Kheima Coffee Stop,cafe,coffee_beverages,11,12,7,95,17000.00,15500.00,3600.00,2019-06-25,2026-01-19 16:03:50.006 +0200
306,267,Badrashin Central Grocery,grocery,food_items,23,14,7,180,18000.00,33000.00,6200.00,2012-04-01,2026-01-19 16:03:50.006 +0200
307,268,Badrashin Market Grill,restaurant,grilled_food,26,15,7,165,18500.00,30000.00,6500.00,2010-12-07,2026-01-19 16:03:50.006 +0200
308,269,Badrashin Industrial Supplies,retail,industrial_tools,21,11,6,135,17000.00,21000.00,3900.00,2016-06-18,2026-01-19 16:03:50.006 +0200
309,270,Badrashin Repair Hub,service,general_repair,18,10,6,80,15500.00,14500.00,3000.00,2015-09-26,2026-01-19 16:03:50.006 +0200
310,271,Badrashin Coffee Corner,cafe,coffee_beverages,10,12,7,85,15500.00,14500.00,3400.00,2019-11-06,2026-01-19 16:03:50.006 +0200
311,143,Shorouk Central Grocery,grocery,food_items,18,14,7,150,20000.00,27000.00,5400.00,2015-05-26,2026-01-19 16:03:50.006 +0200
312,144,Shorouk Grill House,restaurant,grilled_food,21,15,7,135,21000.00,26000.00,5800.00,2014-08-17,2026-01-19 16:03:50.006 +0200
313,145,Shorouk Electronics,retail,electronics,12,11,6,100,22000.00,16000.00,3500.00,2019-12-05,2026-01-19 16:03:50.006 +0200
314,146,Shorouk Repair Services,service,general_repair,16,10,6,70,19000.00,14000.00,3000.00,2016-04-10,2026-01-19 16:03:50.006 +0200
315,147,Shorouk Coffee Stop,cafe,coffee_beverages,7,12,7,75,20500.00,14000.00,3300.00,2021-02-22,2026-01-19 16:03:50.006 +0200
316,148,Badr City Central Grocery,grocery,food_items,17,14,7,145,19500.00,26000.00,5200.00,2016-01-29,2026-01-19 16:03:50.006 +0200
317,149,Badr City Grill Station,restaurant,grilled_food,20,15,7,130,20500.00,25000.00,5600.00,2015-06-07,2026-01-19 16:03:50.006 +0200
318,150,Badr City Electronics Hub,retail,electronics,11,11,6,95,21500.00,15000.00,3300.00,2020-03-15,2026-01-19 16:03:50.006 +0200
319,151,Badr City Repair Center,service,general_repair,15,10,6,65,18500.00,13500.00,2900.00,2017-09-12,2026-01-19 16:03:50.006 +0200
320,152,Badr City Coffee Corner,cafe,coffee_beverages,6,12,7,70,20000.00,13500.00,3200.00,2022-06-01,2026-01-19 16:03:50.006 +0200
321,153,Madinaty Central Grocery,grocery,food_items,14,14,7,140,24000.00,25000.00,5000.00,2018-07-18,2026-01-19 16:03:50.006 +0200
322,154,Madinaty Grill & BBQ,restaurant,grilled_food,17,15,7,125,26000.00,24000.00,5400.00,2017-11-03,2026-01-19 16:03:50.006 +0200
323,155,Madinaty Electronics Store,retail,electronics,10,11,6,90,27000.00,16000.00,3500.00,2021-04-09,2026-01-19 16:03:50.006 +0200
324,156,Madinaty Repair Hub,service,general_repair,14,10,6,60,23000.00,14000.00,3000.00,2018-05-27,2026-01-19 16:03:50.006 +0200
325,157,Madinaty Coffee Lounge,cafe,coffee_beverages,6,12,7,75,25000.00,14500.00,3300.00,2022-01-19,2026-01-19 16:03:50.006 +0200
326,163,Rehab Central Grocery,grocery,food_items,15,14,7,145,23000.00,26000.00,5200.00,2017-04-22,2026-01-19 16:03:50.006 +0200
327,164,Rehab Grill Station,restaurant,grilled_food,18,15,7,130,24000.00,25000.00,5600.00,2016-09-14,2026-01-19 16:03:50.006 +0200
328,165,Rehab Electronics Hub,retail,electronics,11,11,6,95,25500.00,16500.00,3600.00,2020-08-06,2026-01-19 16:03:50.006 +0200
329,166,Rehab Repair Center,service,general_repair,15,10,6,65,22500.00,14500.00,3100.00,2018-12-02,2026-01-19 16:03:50.006 +0200
330,167,Rehab Coffee Stop,cafe,coffee_beverages,7,12,7,70,24000.00,15000.00,3400.00,2021-10-28,2026-01-19 16:03:50.006 +0200
331,168,Nozha Central Grocery,grocery,food_items,19,14,7,165,18500.00,30000.00,5800.00,2014-06-09,2026-01-19 16:03:50.006 +0200
332,169,Nozha Grill House,restaurant,grilled_food,22,15,7,150,19000.00,28000.00,6100.00,2013-10-17,2026-01-19 16:03:50.006 +0200
333,170,Nozha Electronics,retail,electronics,13,11,6,105,20000.00,16500.00,3600.00,2018-02-26,2026-01-19 16:03:50.006 +0200
334,171,Nozha Repair Services,service,general_repair,17,10,6,75,17500.00,14500.00,3000.00,2016-08-05,2026-01-19 16:03:50.006 +0200
335,172,Nozha Coffee Point,cafe,coffee_beverages,8,12,7,80,18500.00,15000.00,3300.00,2020-11-11,2026-01-19 16:03:50.006 +0200
336,350,Ring Road Grocery Hub,grocery,food_items,20,14,7,170,18000.00,31000.00,6000.00,2013-03-28,2026-01-19 16:03:50.006 +0200
337,350,Ring Road Grill Corner,restaurant,grilled_food,23,15,7,155,18500.00,29000.00,6300.00,2012-07-13,2026-01-19 16:03:50.006 +0200
338,350,Ring Road Electronics Shop,retail,electronics,14,11,6,110,19500.00,17000.00,3700.00,2018-01-09,2026-01-19 16:03:50.006 +0200
339,350,Ring Road Repair Hub,service,general_repair,18,10,6,80,17000.00,15000.00,3100.00,2016-10-20,2026-01-19 16:03:50.006 +0200
340,350,Ring Road Coffee Lounge,cafe,coffee_beverages,9,12,7,85,17500.00,15000.00,3400.00,2019-05-02,2026-01-19 16:03:50.006 +0200
341,192,Fayoum Road Grocery,grocery,food_items,21,14,7,175,17000.00,32000.00,6100.00,2012-01-15,2026-01-19 16:03:50.006 +0200
342,193,Fayoum Road Grill,restaurant,grilled_food,24,15,7,160,17500.00,29000.00,6300.00,2011-09-04,2026-01-19 16:03:50.006 +0200
343,194,Fayoum Road Electronics,retail,electronics,14,11,6,105,18500.00,16500.00,3600.00,2017-12-29,2026-01-19 16:03:50.006 +0200
344,195,Fayoum Road Repair Center,service,general_repair,18,10,6,75,16000.00,14500.00,3000.00,2016-06-16,2026-01-19 16:03:50.006 +0200
345,196,Fayoum Road Coffee Stop,cafe,coffee_beverages,9,12,7,80,16500.00,14500.00,3300.00,2019-09-20,2026-01-19 16:03:50.006 +0200
346,197,Maryotia Central Grocery,grocery,food_items,22,14,7,180,17500.00,33000.00,6200.00,2011-05-12,2026-01-19 16:03:50.006 +0200
347,198,Maryotia Grill Station,restaurant,grilled_food,25,15,7,165,18000.00,30000.00,6500.00,2010-10-01,2026-01-19 16:03:50.006 +0200
348,199,Maryotia Electronics Hub,retail,electronics,15,11,6,110,19000.00,17000.00,3700.00,2018-04-18,2026-01-19 16:03:50.006 +0200
349,200,Maryotia Repair Services,service,general_repair,19,10,6,80,16500.00,15000.00,3100.00,2016-11-29,2026-01-19 16:03:50.006 +0200
350,201,Maryotia Coffee Corner,cafe,coffee_beverages,10,12,7,85,17000.00,15000.00,3400.00,2019-03-08,2026-01-19 16:03:50.006 +0200
351,207,Abu Rawash Grocery Hub,grocery,food_items,21,14,7,175,17000.00,32000.00,6100.00,2012-02-20,2026-01-19 16:03:50.006 +0200
352,208,Abu Rawash Grill House,restaurant,grilled_food,24,15,7,160,17500.00,29000.00,6300.00,2011-08-15,2026-01-19 16:03:50.006 +0200
353,209,Abu Rawash Electronics,retail,electronics,14,11,6,105,18500.00,16500.00,3600.00,2017-10-09,2026-01-19 16:03:50.006 +0200
354,210,Abu Rawash Repair Hub,service,general_repair,18,10,6,75,16000.00,14500.00,3000.00,2016-07-24,2026-01-19 16:03:50.006 +0200
355,211,Abu Rawash Coffee Stop,cafe,coffee_beverages,9,12,7,80,16500.00,14500.00,3300.00,2019-12-18,2026-01-19 16:03:50.006 +0200
356,212,Oseem Central Grocery,grocery,food_items,22,14,7,180,17500.00,33000.00,6200.00,2011-04-02,2026-01-19 16:03:50.006 +0200
357,213,Oseem Grill Station,restaurant,grilled_food,25,15,7,165,18000.00,30000.00,6500.00,2010-11-26,2026-01-19 16:03:50.006 +0200
358,214,Oseem Electronics Center,retail,electronics,15,11,6,110,19000.00,17000.00,3700.00,2018-06-13,2026-01-19 16:03:50.006 +0200
359,215,Oseem Repair Services,service,general_repair,19,10,6,80,16500.00,15000.00,3100.00,2016-12-08,2026-01-19 16:03:50.006 +0200
360,216,Oseem Coffee Lounge,cafe,coffee_beverages,10,12,7,85,17000.00,15000.00,3400.00,2019-10-25,2026-01-19 16:03:50.006 +0200
361,222,Qalyub Central Grocery,grocery,food_items,23,14,7,185,18000.00,34000.00,6400.00,2011-01-23,2026-01-19 16:03:50.006 +0200
362,223,Qalyub Grill Corner,restaurant,grilled_food,26,15,7,170,18500.00,31000.00,6700.00,2010-06-12,2026-01-19 16:03:50.006 +0200
363,224,Qalyub Electronics Hub,retail,electronics,15,11,6,115,19500.00,17500.00,3800.00,2018-03-27,2026-01-19 16:03:50.006 +0200
364,225,Qalyub Repair Workshop,service,general_repair,20,10,6,85,17000.00,15500.00,3200.00,2016-09-16,2026-01-19 16:03:50.006 +0200
365,226,Qalyub Coffee Stop,cafe,coffee_beverages,11,12,7,90,17500.00,15500.00,3500.00,2019-07-04,2026-01-19 16:03:50.006 +0200
366,227,Ezbet El Nakhl Grocery,grocery,food_items,24,14,7,190,18000.00,35000.00,6600.00,2011-02-28,2026-01-19 16:03:50.006 +0200
367,228,Ezbet El Nakhl Grill,restaurant,grilled_food,27,15,7,175,18500.00,32000.00,6900.00,2010-05-18,2026-01-19 16:03:50.006 +0200
368,229,Ezbet El Nakhl Electronics,retail,electronics,16,11,6,120,20000.00,18000.00,3900.00,2018-08-02,2026-01-19 16:03:50.006 +0200
369,230,Ezbet El Nakhl Repair Services,service,general_repair,21,10,6,90,17500.00,16000.00,3300.00,2016-03-11,2026-01-19 16:03:50.006 +0200
370,231,Ezbet El Nakhl Coffee Corner,cafe,coffee_beverages,12,12,7,95,18000.00,16000.00,3600.00,2019-11-19,2026-01-19 16:03:50.006 +0200
371,183,Sheikh Zayed Central Grocery,grocery,food_items,16,14,7,150,26000.00,27000.00,5200.00,2017-04-18,2026-01-19 16:03:50.006 +0200
372,184,Sheikh Zayed Grill House,restaurant,grilled_food,18,15,7,135,28000.00,26000.00,5600.00,2016-09-02,2026-01-19 16:03:50.006 +0200
373,185,Sheikh Zayed Electronics,retail,electronics,11,11,6,100,30000.00,18000.00,3800.00,2020-02-11,2026-01-19 16:03:50.006 +0200
374,186,Sheikh Zayed Repair Hub,service,general_repair,14,10,6,70,24000.00,14000.00,3000.00,2018-06-07,2026-01-19 16:03:50.006 +0200
375,187,Sheikh Zayed Coffee Lounge,cafe,coffee_beverages,7,12,7,80,29000.00,15000.00,3300.00,2021-03-26,2026-01-19 16:03:50.006 +0200
376,178,"6th October Mega Grocery",grocery,food_items,20,14,7,180,23000.00,33000.00,6100.00,2014-02-15,2026-01-19 16:03:50.006 +0200
377,179,"6th October BBQ Grill",restaurant,grilled_food,23,15,7,165,25000.00,30000.00,6500.00,2013-07-09,2026-01-19 16:03:50.006 +0200
378,180,"6th October Electronics World",retail,electronics,14,11,6,115,27000.00,19000.00,3900.00,2018-05-22,2026-01-19 16:03:50.006 +0200
379,181,"6th October Repair Center",service,general_repair,18,10,6,85,23000.00,15500.00,3200.00,2016-11-13,2026-01-19 16:03:50.006 +0200
380,182,"6th October Coffee Stop",cafe,coffee_beverages,9,12,7,90,26000.00,15000.00,3400.00,2019-08-01,2026-01-19 16:03:50.006 +0200
381,173,Haram Main Grocery,grocery,food_items,24,14,7,190,18000.00,35000.00,6600.00,2012-03-05,2026-01-19 16:03:50.006 +0200
382,173,Haram Street Grill,restaurant,grilled_food,26,15,7,175,18500.00,32000.00,6900.00,2010-06-21,2026-01-19 16:03:50.006 +0200
383,173,Haram Electronics Center,retail,electronics,16,11,6,120,20000.00,18000.00,3900.00,2018-09-14,2026-01-19 16:03:50.006 +0200
384,173,Haram Repair Services,service,general_repair,21,10,6,90,17500.00,16000.00,3300.00,2016-02-08,2026-01-19 16:03:50.006 +0200
385,173,Haram Coffee Corner,cafe,coffee_beverages,12,12,7,95,18000.00,16000.00,3600.00,2019-10-30,2026-01-19 16:03:50.006 +0200
386,174,Faisal Central Grocery,grocery,food_items,23,14,7,185,17500.00,34000.00,6400.00,2011-01-27,2026-01-19 16:03:50.006 +0200
387,174,Faisal Grill Station,restaurant,grilled_food,25,15,7,170,18000.00,31000.00,6700.00,2010-04-19,2026-01-19 16:03:50.006 +0200
388,174,Faisal Electronics Hub,retail,electronics,15,11,6,115,19500.00,17500.00,3800.00,2018-06-03,2026-01-19 16:03:50.006 +0200
389,174,Faisal Repair Workshop,service,general_repair,19,10,6,85,17000.00,15500.00,3200.00,2016-12-14,2026-01-19 16:03:50.006 +0200
390,174,Faisal Coffee Stop,cafe,coffee_beverages,10,12,7,90,17500.00,15500.00,3500.00,2019-09-17,2026-01-19 16:03:50.006 +0200
391,12,Dokki Central Grocery,grocery,food_items,18,14,7,160,22000.00,29000.00,5600.00,2015-05-06,2026-01-19 16:03:50.006 +0200
392,13,Dokki Grill House,restaurant,grilled_food,21,15,7,145,24000.00,27000.00,5900.00,2014-08-28,2026-01-19 16:03:50.006 +0200
393,14,Dokki Electronics,retail,electronics,13,11,6,105,26000.00,18000.00,3800.00,2019-01-11,2026-01-19 16:03:50.006 +0200
394,15,Dokki Repair Center,service,general_repair,16,10,6,75,21000.00,14500.00,3100.00,2017-07-03,2026-01-19 16:03:50.006 +0200
395,16,Dokki Coffee Lounge,cafe,coffee_beverages,8,12,7,85,25000.00,15000.00,3400.00,2021-02-14,2026-01-19 16:03:50.006 +0200
396,57,Agouza Central Grocery,grocery,food_items,19,14,7,165,21000.00,30000.00,5800.00,2014-03-18,2026-01-19 16:03:50.006 +0200
397,58,Agouza Grill Station,restaurant,grilled_food,22,15,7,150,23000.00,28000.00,6100.00,2013-10-07,2026-01-19 16:03:50.006 +0200
398,59,Agouza Electronics Center,retail,electronics,14,11,6,110,24500.00,17000.00,3700.00,2018-04-21,2026-01-19 16:03:50.006 +0200
399,60,Agouza Repair Hub,service,general_repair,17,10,6,80,20500.00,15000.00,3200.00,2016-09-12,2026-01-19 16:03:50.006 +0200
400,61,Agouza Coffee Stop,cafe,coffee_beverages,9,12,7,90,23500.00,15000.00,3500.00,2019-12-05,2026-01-19 16:03:50.006 +0200
401,62,Imbaba Central Grocery,grocery,food_items,24,14,7,190,17000.00,35000.00,6600.00,2011-02-09,2026-01-19 16:03:50.006 +0200
402,63,Imbaba Grill House,restaurant,grilled_food,26,15,7,175,17500.00,32000.00,6900.00,2010-07-18,2026-01-19 16:03:50.006 +0200
403,64,Imbaba Electronics,retail,electronics,16,11,6,120,19000.00,18000.00,3900.00,2018-03-14,2026-01-19 16:03:50.006 +0200
404,65,Imbaba Repair Services,service,general_repair,21,10,6,90,16500.00,16000.00,3300.00,2016-01-25,2026-01-19 16:03:50.006 +0200
405,66,Imbaba Coffee Corner,cafe,coffee_beverages,12,12,7,95,17000.00,16000.00,3600.00,2019-11-21,2026-01-19 16:03:50.006 +0200
406,72,Bulaq Central Grocery,grocery,food_items,23,14,7,185,17500.00,34000.00,6400.00,2011-05-16,2026-01-19 16:03:50.006 +0200
407,73,Bulaq Grill Station,restaurant,grilled_food,25,15,7,170,18000.00,31000.00,6700.00,2010-09-03,2026-01-19 16:03:50.006 +0200
408,74,Bulaq Electronics Hub,retail,electronics,15,11,6,115,19500.00,17500.00,3800.00,2018-07-28,2026-01-19 16:03:50.006 +0200
409,75,Bulaq Repair Workshop,service,general_repair,19,10,6,85,17000.00,15500.00,3200.00,2016-04-11,2026-01-19 16:03:50.006 +0200
410,76,Bulaq Coffee Stop,cafe,coffee_beverages,10,12,7,90,17500.00,15500.00,3500.00,2019-08-23,2026-01-19 16:03:50.006 +0200
411,52,Helwan Central Grocery,grocery,food_items,22,14,7,180,17000.00,33000.00,6200.00,2012-01-06,2026-01-19 16:03:50.006 +0200
412,53,Helwan Grill House,restaurant,grilled_food,25,15,7,165,17500.00,30000.00,6500.00,2011-11-09,2026-01-19 16:03:50.006 +0200
413,54,Helwan Electronics,retail,electronics,15,11,6,110,18500.00,17000.00,3700.00,2018-05-02,2026-01-19 16:03:50.006 +0200
414,55,Helwan Repair Center,service,general_repair,19,10,6,80,16000.00,15000.00,3100.00,2016-08-19,2026-01-19 16:03:50.006 +0200
415,56,Helwan Coffee Lounge,cafe,coffee_beverages,10,12,7,85,16500.00,15000.00,3400.00,2019-06-27,2026-01-19 16:03:50.006 +0200
416,87,Maadi Central Grocery,grocery,food_items,17,14,7,150,26000.00,27000.00,5200.00,2016-03-24,2026-01-19 16:03:50.006 +0200
417,88,Maadi Grill Station,restaurant,grilled_food,19,15,7,135,28000.00,26000.00,5600.00,2015-07-13,2026-01-19 16:03:50.006 +0200
418,89,Maadi Electronics Center,retail,electronics,12,11,6,100,30000.00,18000.00,3800.00,2020-01-08,2026-01-19 16:03:50.006 +0200
419,90,Maadi Repair Hub,service,general_repair,15,10,6,70,24000.00,14000.00,3000.00,2018-10-16,2026-01-19 16:03:50.006 +0200
420,91,Maadi Coffee Corner,cafe,coffee_beverages,7,12,7,80,29000.00,15000.00,3300.00,2021-05-29,2026-01-19 16:03:50.006 +0200
421,142,Ring Road Market Grocery,grocery,food_items,20,14,7,170,18000.00,31000.00,6000.00,2013-05-21,2026-01-19 16:03:50.006 +0200
422,142,Ring Road Grill Corner,restaurant,grilled_food,23,15,7,155,18500.00,29000.00,6300.00,2012-08-09,2026-01-19 16:03:50.006 +0200
423,142,Ring Road Electronics,retail,electronics,14,11,6,110,19500.00,17000.00,3700.00,2018-11-13,2026-01-19 16:03:50.006 +0200
424,142,Ring Road Repair Services,service,general_repair,18,10,6,80,17000.00,15000.00,3100.00,2016-06-27,2026-01-19 16:03:50.006 +0200
425,142,Ring Road Coffee Stop,cafe,coffee_beverages,9,12,7,85,17500.00,15000.00,3400.00,2019-10-02,2026-01-19 16:03:50.006 +0200
426,232,Kafr Tohormos Grocery,grocery,food_items,22,14,7,180,17000.00,33000.00,6200.00,2012-02-23,2026-01-19 16:03:50.006 +0200
427,233,Kafr Tohormos Grill,restaurant,grilled_food,25,15,7,165,17500.00,30000.00,6500.00,2011-07-16,2026-01-19 16:03:50.006 +0200
428,234,Kafr Tohormos Electronics,retail,electronics,15,11,6,110,19000.00,17000.00,3700.00,2018-01-30,2026-01-19 16:03:50.006 +0200
429,235,Kafr Tohormos Repair Hub,service,general_repair,19,10,6,80,16500.00,15000.00,3100.00,2016-09-04,2026-01-19 16:03:50.006 +0200
430,236,Kafr Tohormos Coffee Stop,cafe,coffee_beverages,10,12,7,85,17000.00,15000.00,3400.00,2019-05-22,2026-01-19 16:03:50.006 +0200
431,242,Meet Halfa Grocery,grocery,food_items,21,14,7,175,17000.00,32000.00,6100.00,2012-01-19,2026-01-19 16:03:50.006 +0200
432,243,Meet Halfa Grill Station,restaurant,grilled_food,24,15,7,160,17500.00,29000.00,6300.00,2011-08-11,2026-01-19 16:03:50.006 +0200
433,244,Meet Halfa Electronics,retail,electronics,14,11,6,105,18500.00,16500.00,3600.00,2018-04-25,2026-01-19 16:03:50.006 +0200
434,245,Meet Halfa Repair Center,service,general_repair,18,10,6,75,16000.00,14500.00,3000.00,2016-06-02,2026-01-19 16:03:50.006 +0200
435,246,Meet Halfa Coffee Corner,cafe,coffee_beverages,9,12,7,80,16500.00,14500.00,3300.00,2019-10-09,2026-01-19 16:03:50.006 +0200
436,237,Bashtil Central Grocery,grocery,food_items,22,14,7,180,17000.00,33000.00,6200.00,2012-03-03,2026-01-19 16:03:50.006 +0200
437,238,Bashtil Grill House,restaurant,grilled_food,25,15,7,165,17500.00,30000.00,6500.00,2011-09-24,2026-01-19 16:03:50.006 +0200
438,239,Bashtil Electronics Hub,retail,electronics,15,11,6,110,19000.00,17000.00,3700.00,2018-02-15,2026-01-19 16:03:50.006 +0200
439,240,Bashtil Repair Services,service,general_repair,19,10,6,80,16500.00,15000.00,3100.00,2016-11-22,2026-01-19 16:03:50.006 +0200
440,241,Bashtil Coffee Stop,cafe,coffee_beverages,10,12,7,85,17000.00,15000.00,3400.00,2019-07-16,2026-01-19 16:03:50.006 +0200
441,176,October Central Grocery,grocery,food_items,19,14,7,170,21000.00,30000.00,5800.00,2015-04-12,2026-01-19 16:03:50.006 +0200
442,177,October Grill House,restaurant,grilled_food,22,15,7,155,23000.00,28000.00,6100.00,2014-08-23,2026-01-19 16:03:50.006 +0200
443,178,October Electronics,retail,electronics,13,11,6,110,26000.00,17000.00,3700.00,2019-01-15,2026-01-19 16:03:50.006 +0200
444,179,October Repair Center,service,general_repair,17,10,6,80,22000.00,14500.00,3200.00,2017-06-04,2026-01-19 16:03:50.006 +0200
445,180,October Coffee Stop,cafe,coffee_beverages,8,12,7,85,25000.00,15000.00,3400.00,2021-03-09,2026-01-19 16:03:50.006 +0200
446,177,Mall of Arabia Mini Market,grocery,food_items,12,13,7,120,32000.00,22000.00,4500.00,2020-02-17,2026-01-19 16:03:50.006 +0200
447,177,Mall of Arabia Food Court Grill,restaurant,fast_food,6,16,7,95,35000.00,26000.00,7200.00,2022-07-01,2026-01-19 16:03:50.006 +0200
448,177,Mall of Arabia Electronics,retail,electronics,9,11,6,90,34000.00,16000.00,3900.00,2021-11-28,2026-01-19 16:03:50.006 +0200
449,177,Mall of Arabia Repair Kiosk,service,electronics_repair,4,10,7,35,18000.00,8000.00,1900.00,2023-05-14,2026-01-19 16:03:50.006 +0200
450,177,Mall of Arabia Coffee,cafe,coffee_beverages,5,14,7,60,30000.00,14000.00,3600.00,2022-09-06,2026-01-19 16:03:50.006 +0200
451,181,Sheikh Zayed Central Grocery,grocery,food_items,18,14,7,160,27000.00,29000.00,5600.00,2016-03-11,2026-01-19 16:03:50.006 +0200
452,182,Sheikh Zayed Grill House,restaurant,grilled_food,21,15,7,145,29000.00,27000.00,6000.00,2015-10-02,2026-01-19 16:03:50.006 +0200
453,183,Sheikh Zayed electronics,retail,electronics,11,11,6,105,31000.00,17500.00,3800.00,2020-01-19,2026-01-19 16:03:50.006 +0200
454,184,Sheikh Zayed Repair Hub,service,general_repair,15,10,6,75,25000.00,14500.00,3100.00,2018-07-07,2026-01-19 16:03:50.006 +0200
455,185,Sheikh Zayed Coffee Lounge,cafe,coffee_beverages,7,12,7,85,30000.00,15000.00,3400.00,2021-06-22,2026-01-19 16:03:50.006 +0200
456,186,Hawamdeya Main Grocery,grocery,food_items,24,14,7,185,17000.00,34000.00,6400.00,2012-02-18,2026-01-19 16:03:50.006 +0200
457,187,Hawamdeya Grill Station,restaurant,grilled_food,27,15,7,170,17500.00,31000.00,6700.00,2010-11-03,2026-01-19 16:03:50.006 +0200
458,188,Hawamdeya Electronics,retail,electronics,16,11,6,115,19000.00,17500.00,3800.00,2018-04-27,2026-01-19 16:03:50.006 +0200
459,189,Hawamdeya Repair Services,service,general_repair,20,10,6,85,16500.00,15500.00,3200.00,2016-09-15,2026-01-19 16:03:50.006 +0200
460,190,Hawamdeya Coffee Stop,cafe,coffee_beverages,11,12,7,90,17000.00,15500.00,3500.00,2019-12-01,2026-01-19 16:03:50.006 +0200
461,191,Fayoum Road Mega Grocery,grocery,food_items,22,14,7,180,18500.00,33000.00,6200.00,2013-01-29,2026-01-19 16:03:50.006 +0200
462,192,Fayoum Road Grill,restaurant,grilled_food,25,15,7,165,18000.00,30000.00,6500.00,2011-08-14,2026-01-19 16:03:50.006 +0200
463,193,Fayoum Road Electronics,retail,electronics,14,11,6,110,19500.00,17000.00,3700.00,2018-02-06,2026-01-19 16:03:50.006 +0200
464,194,Fayoum Road Repair Hub,service,general_repair,18,10,6,80,17000.00,15000.00,3100.00,2016-11-20,2026-01-19 16:03:50.006 +0200
465,195,Fayoum Road Coffee Stop,cafe,coffee_beverages,9,12,7,85,17500.00,15000.00,3400.00,2019-07-05,2026-01-19 16:03:50.006 +0200
466,196,Maryotia Central Grocery,grocery,food_items,23,14,7,185,17500.00,34000.00,6400.00,2012-03-17,2026-01-19 16:03:50.006 +0200
467,197,Maryotia Grill Station,restaurant,grilled_food,26,15,7,170,18000.00,31000.00,6700.00,2010-12-12,2026-01-19 16:03:50.006 +0200
468,198,Maryotia Electronics,retail,electronics,15,11,6,115,19500.00,17500.00,3800.00,2018-06-30,2026-01-19 16:03:50.006 +0200
469,199,Maryotia Repair Services,service,general_repair,19,10,6,85,17000.00,15500.00,3200.00,2016-04-19,2026-01-19 16:03:50.006 +0200
470,200,Maryotia Coffee Corner,cafe,coffee_beverages,10,12,7,90,17500.00,15500.00,3500.00,2019-10-27,2026-01-19 16:03:50.006 +0200
471,176,October Central Grocery,grocery,food_items,19,14,7,170,21500.00,30500.00,5900.00,2015-04-12,2026-01-19 16:03:50.006 +0200
472,224,Industrial Supplies Warehouse,retail,industrial_tools,8,10,6,220,9000.00,18000.00,4100.00,2021-09-03,2026-01-19 16:03:50.006 +0200
473,105,Ring Road Snack Kiosk,restaurant,snacks,3,12,7,30,12000.00,7000.00,1800.00,2023-02-11,2026-01-19 16:03:50.006 +0200
474,105,Ring Road Coffee Stop,cafe,coffee_beverages,6,12,7,65,15000.00,12000.00,2900.00,2022-06-08,2026-01-19 16:03:50.006 +0200
475,105,Ring Road Mini Market,grocery,food_items,15,13,7,95,16000.00,14000.00,3100.00,2019-11-16,2026-01-19 16:03:50.006 +0200
476,176,"6th October Student Cafe",cafe,coffee_snacks,4,14,7,60,14000.00,11000.00,2700.00,2022-10-01,2026-01-19 16:03:50.006 +0200
477,177,"6th October Copy Center",service,printing,18,10,6,55,13000.00,10000.00,2500.00,2015-05-21,2026-01-19 16:03:50.006 +0200
478,178,"6th October Pharmacy",pharmacy,medicines,11,12,7,65,17000.00,13000.00,3000.00,2018-08-09,2026-01-19 16:03:50.006 +0200
479,179,"6th October Phone Repair",service,mobile_repair,9,10,6,50,14000.00,9000.00,2200.00,2020-03-12,2026-01-19 16:03:50.006 +0200
480,180,"6th October Bakery",bakery,bread_pastries,20,13,7,80,15000.00,17000.00,3600.00,2014-12-27,2026-01-19 16:03:50.006 +0200
481,181,Sheikh Zayed Organic Market,grocery,organic_food,6,11,6,75,32000.00,15000.00,3400.00,2021-04-04,2026-01-19 16:03:50.006 +0200
482,182,Sheikh Zayed Sushi Bar,restaurant,asian_food,5,12,6,90,35000.00,22000.00,5200.00,2022-08-18,2026-01-19 16:03:50.006 +0200
483,183,Sheikh Zayed Pet Shop,retail,pet_supplies,7,10,6,70,28000.00,12000.00,2600.00,2020-12-02,2026-01-19 16:03:50.006 +0200
484,184,Sheikh Zayed Laundry,service,laundry,14,12,7,65,20000.00,11000.00,2900.00,2017-06-25,2026-01-19 16:03:50.006 +0200
485,185,Sheikh Zayed Dessert Cafe,cafe,desserts,4,12,7,80,31000.00,14000.00,3600.00,2022-05-10,2026-01-19 16:03:50.006 +0200
486,186,Hawamdeya Market Butchery,retail,meat_products,29,12,7,85,14000.00,18000.00,3700.00,2009-07-01,2026-01-19 16:03:50.006 +0200
487,187,Hawamdeya Fish Grill,restaurant,seafood,24,15,7,150,16500.00,26000.00,6000.00,2012-11-19,2026-01-19 16:03:50.006 +0200
488,188,Hawamdeya Spare Parts,retail,auto_parts,17,11,6,95,15000.00,16000.00,3300.00,2016-03-08,2026-01-19 16:03:50.006 +0200
489,189,Hawamdeya Juice Bar,cafe,fresh_juice,6,11,7,55,13000.00,9000.00,2400.00,2021-07-22,2026-01-19 16:03:50.006 +0200
490,190,Hawamdeya Grocery Express,grocery,food_items,10,13,7,100,14500.00,16000.00,3200.00,2019-10-14,2026-01-19 16:03:50.006 +0200
491,196,Maryotia Tourism Gifts,retail,souvenirs,12,10,6,85,22000.00,13000.00,2800.00,2018-04-03,2026-01-19 16:03:50.006 +0200
492,197,Maryotia Pizza Corner,restaurant,fast_food,7,14,7,75,20000.00,16000.00,4200.00,2020-09-09,2026-01-19 16:03:50.006 +0200
493,198,Maryotia Mini Market,grocery,food_items,16,14,7,110,17000.00,20000.00,3900.00,2016-12-01,2026-01-19 16:03:50.006 +0200
494,199,Maryotia Phone Repair,service,mobile_repair,11,10,6,55,14000.00,10000.00,2400.00,2019-02-18,2026-01-19 16:03:50.006 +0200
495,200,Maryotia Coffee Stop,cafe,coffee_beverages,8,12,7,70,16000.00,12000.00,2900.00,2021-01-27,2026-01-19 16:03:50.006 +0200
496,191,Fayoum Road Auto Service,service,auto_repair,21,10,6,120,18000.00,20000.00,4500.00,2014-06-06,2026-01-19 16:03:50.006 +0200
497,192,Fayoum Road Tyres Shop,retail,auto_parts,18,11,6,95,16500.00,15000.00,3300.00,2016-08-24,2026-01-19 16:03:50.006 +0200
498,193,Fayoum Road Coffee Kiosk,cafe,coffee_beverages,3,10,7,25,9000.00,6000.00,1500.00,2023-01-05,2026-01-19 16:03:50.006 +0200
499,194,Fayoum Road Mini Grocery,grocery,food_items,9,13,7,90,14000.00,15000.00,3000.00,2020-05-17,2026-01-19 16:03:50.006 +0200
500,195,Fayoum Road Shawarma,restaurant,fast_food,14,14,7,85,15500.00,18000.00,4200.00,2017-09-29,2026-01-19 16:03:50.006 +0200
501,176,October Industrial Canteen,restaurant,egyptian_food,0,10,6,100,12000.00,16000.00,3800.00,2022-02-02,2026-01-19 16:03:50.006 +0200
502,177,October Tools Store,retail,hardware_tools,19,11,6,115,18000.00,17000.00,3500.00,2015-11-11,2026-01-19 16:03:50.006 +0200
503,178,October Workers Grocery,grocery,food_items,12,14,7,130,15000.00,20000.00,4200.00,2018-07-08,2026-01-19 16:03:50.006 +0200
504,179,October Phone Accessories,retail,mobile_accessories,6,11,6,60,14000.00,10000.00,2300.00,2021-06-19,2026-01-19 16:03:50.006 +0200
505,180,October Tea & Coffee,cafe,tea_drinks,10,12,7,75,16000.00,13000.00,3000.00,2019-03-14,2026-01-19 16:03:50.006 +0200
506,181,Sheikh Zayed Night Cafe,cafe,coffee_beverages,8,16,7,90,32000.00,17000.00,5200.00,2020-08-30,2026-01-19 16:03:50.006 +0200
507,182,Sheikh Zayed Late Snacks,restaurant,snacks,5,15,7,70,28000.00,15000.00,4300.00,2022-04-11,2026-01-19 16:03:50.006 +0200
508,183,Sheikh Zayed Convenience Store,grocery,food_items,7,13,7,95,26000.00,16000.00,3600.00,2021-01-03,2026-01-19 16:03:50.006 +0200
509,184,Sheikh Zayed Vape Shop,retail,vape_products,4,11,6,50,24000.00,9000.00,2100.00,2023-03-07,2026-01-19 16:03:50.006 +0200
510,185,Sheikh Zayed Car Wash,service,car_wash,13,12,7,140,20000.00,14000.00,4000.00,2017-05-22,2026-01-19 16:03:50.006 +0200
511,186,Hawamdeya Public Bakery,bakery,bread_pastries,31,14,7,90,12000.00,19000.00,3600.00,2008-09-01,2026-01-19 16:03:50.006 +0200
512,187,Hawamdeya Community Pharmacy,pharmacy,medicines,16,12,7,65,14000.00,13000.00,3000.00,2016-12-14,2026-01-19 16:03:50.006 +0200
513,188,Hawamdeya Phone Shop,retail,mobile_phones,9,11,6,55,13500.00,10000.00,2300.00,2019-04-27,2026-01-19 16:03:50.006 +0200
514,189,Hawamdeya Repair Corner,service,electronics_repair,14,10,6,60,14500.00,11000.00,2600.00,2017-08-06,2026-01-19 16:03:50.006 +0200
515,190,Hawamdeya Coffee Spot,cafe,coffee_beverages,7,12,7,70,15000.00,12000.00,2900.00,2021-11-15,2026-01-19 16:03:50.006 +0200
516,196,Maryotia BBQ & Grill,restaurant,grilled_food,23,15,7,160,18000.00,30000.00,6500.00,2012-06-20,2026-01-19 16:03:50.006 +0200
517,197,Maryotia Grocery Plus,grocery,food_items,18,14,7,150,16500.00,26000.00,5200.00,2016-10-02,2026-01-19 16:03:50.006 +0200
518,198,Maryotia Electronics World,retail,electronics,12,11,6,100,19000.00,16000.00,3500.00,2019-02-14,2026-01-19 16:03:50.006 +0200
519,199,Maryotia Services Center,service,general_repair,17,10,6,75,16000.00,14500.00,3000.00,2016-05-09,2026-01-19 16:03:50.006 +0200
520,200,Maryotia Coffee Lounge,cafe,coffee_beverages,9,12,7,85,17000.00,15000.00,3400.00,2019-09-18,2026-01-19 16:03:50.006 +0200
521,191,Fayoum Road Fruits Market,retail,fruits_vegetables,20,13,7,120,15000.00,18000.00,3600.00,2015-04-26,2026-01-19 16:03:50.006 +0200
522,192,Fayoum Road Meat Shop,retail,meat_products,27,12,7,85,14000.00,19000.00,3700.00,2011-03-17,2026-01-19 16:03:50.006 +0200
523,193,Fayoum Road Mini Cafe,cafe,coffee_beverages,6,11,7,55,13000.00,10000.00,2400.00,2020-08-31,2026-01-19 16:03:50.006 +0200
524,194,Fayoum Road Repair Garage,service,auto_repair,22,10,6,130,19000.00,21000.00,4600.00,2013-12-04,2026-01-19 16:03:50.006 +0200
525,195,Fayoum Road Grocery Express,grocery,food_items,11,14,7,100,14500.00,16000.00,3200.00,2019-01-20,2026-01-19 16:03:50.006 +0200
526,176,October Roadside Cafe,cafe,coffee_beverages,5,12,7,60,13500.00,11000.00,2600.00,2022-06-13,2026-01-19 16:03:50.006 +0200
527,177,October Mini Market,grocery,food_items,13,14,7,110,15000.00,18000.00,3500.00,2018-10-08,2026-01-19 16:03:50.006 +0200
528,178,October Electronics Repair,service,electronics_repair,10,10,6,65,14500.00,12000.00,2700.00,2019-07-24,2026-01-19 16:03:50.006 +0200
529,179,October Shawarma,restaurant,fast_food,16,14,7,90,16000.00,19000.00,4300.00,2016-05-19,2026-01-19 16:03:50.006 +0200
530,180,October Coffee Corner,cafe,coffee_beverages,8,12,7,75,15500.00,13000.00,3000.00,2021-02-08,2026-01-19 16:03:50.006 +0200
531,181,Sheikh Zayed Central Grocery ,grocery,food_items,18,14,7,160,27000.00,29000.00,5600.00,2016-03-11,2026-01-19 16:03:50.006 +0200
532,182,Sheikh Zayed Burger Joint,restaurant,fast_food,6,14,7,85,31000.00,18000.00,4600.00,2022-12-04,2026-01-19 16:03:50.006 +0200
533,183,Sheikh Zayed Electronics Hub,retail,electronics,11,11,6,105,30000.00,17000.00,3700.00,2020-09-19,2026-01-19 16:03:50.006 +0200
534,184,Sheikh Zayed Repair Center,service,general_repair,15,10,6,75,25000.00,14500.00,3100.00,2018-07-07,2026-01-19 16:03:50.006 +0200
535,185,Sheikh Zayed Coffee Point,cafe,coffee_beverages,7,12,7,85,29000.00,15000.00,3400.00,2021-06-22,2026-01-19 16:03:50.006 +0200
536,186,Hawamdeya Night Cafe,cafe,coffee_beverages,6,16,7,80,16000.00,15000.00,4800.00,2020-08-14,2026-01-19 16:03:50.006 +0200
537,187,Hawamdeya Late Grill,restaurant,grilled_food,19,16,7,145,17500.00,28000.00,6200.00,2015-10-09,2026-01-19 16:03:50.006 +0200
538,188,Hawamdeya Mini Grocery,grocery,food_items,8,13,7,95,14000.00,15000.00,3000.00,2021-01-26,2026-01-19 16:03:50.006 +0200
539,189,Hawamdeya Phone Accessories,retail,mobile_accessories,5,11,6,50,13000.00,9000.00,2100.00,2022-05-02,2026-01-19 16:03:50.006 +0200
540,190,Hawamdeya Coffee Corner,cafe,coffee_beverages,7,12,7,70,15000.00,12000.00,2900.00,2021-11-15,2026-01-19 16:03:50.006 +0200
541,211,Oseem Central Grocery,grocery,food_items,22,14,7,180,17000.00,33000.00,6200.00,2012-02-06,2026-01-19 16:03:50.006 +0200
542,212,Oseem Grill House,restaurant,grilled_food,25,15,7,165,17500.00,30000.00,6500.00,2011-09-19,2026-01-19 16:03:50.006 +0200
543,213,Oseem Electronics,retail,electronics,15,11,6,110,19000.00,17000.00,3700.00,2018-03-27,2026-01-19 16:03:50.006 +0200
544,214,Oseem Repair Services,service,general_repair,19,10,6,80,16500.00,15000.00,3100.00,2016-11-14,2026-01-19 16:03:50.006 +0200
545,215,Oseem Coffee Stop,cafe,coffee_beverages,10,12,7,85,17000.00,15000.00,3400.00,2019-07-08,2026-01-19 16:03:50.006 +0200
546,216,Manshiyet El Qanater Grocery,grocery,food_items,23,14,7,185,16500.00,34000.00,6400.00,2011-04-23,2026-01-19 16:03:50.006 +0200
547,217,Manshiyet El Qanater Grill,restaurant,grilled_food,26,15,7,170,17000.00,31000.00,6700.00,2010-12-01,2026-01-19 16:03:50.006 +0200
548,218,Manshiyet El Qanater Electronics,retail,electronics,16,11,6,115,18500.00,17500.00,3800.00,2018-05-11,2026-01-19 16:03:50.006 +0200
549,219,Manshiyet El Qanater Repair Hub,service,general_repair,20,10,6,85,16000.00,15500.00,3200.00,2016-08-18,2026-01-19 16:03:50.006 +0200
550,220,Manshiyet El Qanater Coffee,cafe,coffee_beverages,11,12,7,90,16500.00,15500.00,3500.00,2019-10-03,2026-01-19 16:03:50.006 +0200
551,221,Qalyub Central Grocery,grocery,food_items,24,14,7,190,18000.00,35000.00,6600.00,2011-02-12,2026-01-19 16:03:50.006 +0200
552,222,Qalyub Grill Station,restaurant,grilled_food,27,15,7,175,18500.00,32000.00,6900.00,2010-05-27,2026-01-19 16:03:50.006 +0200
553,223,Qalyub Electronics Hub,retail,electronics,16,11,6,120,20000.00,18000.00,3900.00,2018-09-09,2026-01-19 16:03:50.006 +0200
554,224,Qalyub Repair Center,service,general_repair,21,10,6,90,17500.00,16000.00,3300.00,2016-01-21,2026-01-19 16:03:50.006 +0200
555,225,Qalyub Coffee Corner,cafe,coffee_beverages,12,12,7,95,18000.00,16000.00,3600.00,2019-12-11,2026-01-19 16:03:50.006 +0200
556,226,Ezbet El Nakhl Central Grocery,grocery,food_items,25,14,7,195,17500.00,36000.00,6800.00,2011-01-18,2026-01-19 16:03:50.006 +0200
557,227,Ezbet El Nakhl Grill House,restaurant,grilled_food,28,15,7,180,18000.00,33000.00,7100.00,2010-04-09,2026-01-19 16:03:50.006 +0200
558,228,Ezbet El Nakhl Electronics,retail,electronics,17,11,6,125,20500.00,18500.00,4000.00,2018-07-01,2026-01-19 16:03:50.006 +0200
559,229,Ezbet El Nakhl Repair Services,service,general_repair,22,10,6,95,18000.00,16500.00,3400.00,2016-03-05,2026-01-19 16:03:50.006 +0200
560,230,Ezbet El Nakhl Coffee Stop,cafe,coffee_beverages,13,12,7,100,18500.00,16500.00,3700.00,2019-09-17,2026-01-19 16:03:50.006 +0200
561,236,Bashtil Central Grocery,grocery,food_items,23,14,7,185,17000.00,34000.00,6400.00,2012-02-01,2026-01-19 16:03:50.006 +0200
562,237,Bashtil Grill Station,restaurant,grilled_food,26,15,7,170,17500.00,31000.00,6700.00,2011-06-22,2026-01-19 16:03:50.006 +0200
563,238,Bashtil Electronics Hub,retail,electronics,16,11,6,115,19500.00,17500.00,3800.00,2018-10-05,2026-01-19 16:03:50.006 +0200
564,239,Bashtil Repair Center,service,general_repair,20,10,6,85,17000.00,15500.00,3200.00,2016-07-14,2026-01-19 16:03:50.006 +0200
565,240,Bashtil Coffee Stop,cafe,coffee_beverages,11,12,7,90,17500.00,15500.00,3500.00,2019-04-26,2026-01-19 16:03:50.006 +0200
566,241,Meet Halfa Central Grocery,grocery,food_items,22,14,7,180,16500.00,33000.00,6200.00,2012-03-09,2026-01-19 16:03:50.006 +0200
567,242,Meet Halfa Grill House,restaurant,grilled_food,25,15,7,165,17000.00,30000.00,6500.00,2011-10-01,2026-01-19 16:03:50.006 +0200
568,243,Meet Halfa Electronics,retail,electronics,15,11,6,110,18500.00,17000.00,3700.00,2018-04-12,2026-01-19 16:03:50.006 +0200
569,244,Meet Halfa Repair Hub,service,general_repair,19,10,6,80,16000.00,15000.00,3100.00,2016-12-18,2026-01-19 16:03:50.006 +0200
570,245,Meet Halfa Coffee Corner,cafe,coffee_beverages,10,12,7,85,16500.00,15000.00,3400.00,2019-08-02,2026-01-19 16:03:50.006 +0200
571,221,Qalyub Station Mini Market,grocery,food_items,14,13,7,100,15000.00,16000.00,3200.00,2019-06-01,2026-01-19 16:03:50.006 +0200
572,221,Qalyub Station Snacks,restaurant,snacks,6,12,7,55,14000.00,12000.00,2800.00,2021-09-08,2026-01-19 16:03:50.006 +0200
573,221,Qalyub Station Coffee,cafe,coffee_beverages,5,12,7,50,13500.00,11000.00,2600.00,2022-04-16,2026-01-19 16:03:50.006 +0200
574,221,Qalyub Station Phone Repair,service,mobile_repair,8,10,6,45,13000.00,9500.00,2200.00,2020-01-22,2026-01-19 16:03:50.006 +0200
575,221,Qalyub Station Pharmacy,pharmacy,medicines,12,12,7,60,15000.00,13000.00,3000.00,2018-07-07,2026-01-19 16:03:50.006 +0200
576,226,Ezbet El Nakhl Central Grocery,grocery,food_items,25,14,7,195,17500.00,36000.00,6800.00,2011-01-18,2026-01-19 16:03:50.006 +0200
577,227,Ezbet El Nakhl Fish Grill,restaurant,seafood,26,15,7,155,17000.00,28000.00,6200.00,2012-09-02,2026-01-19 16:03:50.006 +0200
578,228,Ezbet El Nakhl Phone Accessories,retail,mobile_accessories,7,11,6,60,14500.00,10000.00,2300.00,2021-03-19,2026-01-19 16:03:50.006 +0200
579,229,Ezbet El Nakhl Juice Bar,cafe,fresh_juice,6,11,7,55,13500.00,9500.00,2400.00,2021-08-23,2026-01-19 16:03:50.006 +0200
580,230,Ezbet El Nakhl Grocery Express,grocery,food_items,11,13,7,105,15000.00,17000.00,3400.00,2019-11-01,2026-01-19 16:03:50.006 +0200
581,236,Bashtil Roadside Cafe,cafe,coffee_beverages,5,12,7,60,14000.00,11500.00,2700.00,2022-02-14,2026-01-19 16:03:50.006 +0200
582,237,Bashtil Fruits Market,retail,fruits_vegetables,18,13,7,120,15000.00,18000.00,3600.00,2015-04-19,2026-01-19 16:03:50.006 +0200
583,238,Bashtil Meat Shop,retail,meat_products,27,12,7,85,14500.00,19500.00,3800.00,2011-07-03,2026-01-19 16:03:50.006 +0200
584,239,Bashtil Repair Garage,service,auto_repair,22,10,6,130,18500.00,21000.00,4600.00,2013-11-27,2026-01-19 16:03:50.006 +0200
585,240,Bashtil Coffee Lounge,cafe,coffee_beverages,9,12,7,80,16500.00,14500.00,3300.00,2019-05-21,2026-01-19 16:03:50.006 +0200
586,211,Oseem Market Bakery,bakery,bread_pastries,24,13,7,90,14000.00,18000.00,3600.00,2012-12-09,2026-01-19 16:03:50.006 +0200
587,212,Oseem Market Pharmacy,pharmacy,medicines,16,12,7,65,15000.00,13000.00,3000.00,2016-08-01,2026-01-19 16:03:50.006 +0200
588,213,Oseem Phone Shop,retail,mobile_phones,9,11,6,55,13500.00,10000.00,2300.00,2019-03-27,2026-01-19 16:03:50.006 +0200
589,214,Oseem Repair Corner,service,electronics_repair,14,10,6,60,14500.00,11000.00,2600.00,2017-07-15,2026-01-19 16:03:50.006 +0200
590,215,Oseem Coffee Spot,cafe,coffee_beverages,7,12,7,70,15000.00,12000.00,2900.00,2021-10-06,2026-01-19 16:03:50.006 +0200
591,216,Manshiyet El Qanater Public Bakery,bakery,bread_pastries,30,14,7,95,12000.00,19000.00,3600.00,2008-08-22,2026-01-19 16:03:50.006 +0200
592,217,Manshiyet El Qanater Pharmacy,pharmacy,medicines,15,12,7,65,14000.00,13000.00,3000.00,2016-11-09,2026-01-19 16:03:50.006 +0200
593,218,Manshiyet El Qanater Phone Shop,retail,mobile_phones,8,11,6,55,13500.00,10000.00,2300.00,2019-05-14,2026-01-19 16:03:50.006 +0200
594,219,Manshiyet El Qanater Repair Corner,service,electronics_repair,13,10,6,60,14500.00,11000.00,2600.00,2017-09-21,2026-01-19 16:03:50.006 +0200
595,220,Manshiyet El Qanater Coffee Spot,cafe,coffee_beverages,6,12,7,70,15000.00,12000.00,2900.00,2021-12-12,2026-01-19 16:03:50.006 +0200
596,221,Qalyub Market Fruits,retail,fruits_vegetables,21,13,7,130,15500.00,18500.00,3700.00,2014-04-07,2026-01-19 16:03:50.006 +0200
597,222,Qalyub Market Meat,retail,meat_products,28,12,7,90,14500.00,20000.00,3900.00,2011-02-19,2026-01-19 16:03:50.006 +0200
598,223,Qalyub Auto Service,service,auto_repair,23,10,6,140,19000.00,22000.00,4800.00,2013-10-28,2026-01-19 16:03:50.006 +0200
599,224,Qalyub Mini Cafe,cafe,coffee_beverages,6,11,7,55,13500.00,10500.00,2400.00,2020-07-02,2026-01-19 16:03:50.006 +0200
600,225,Qalyub Grocery Express,grocery,food_items,12,14,7,105,15000.00,17000.00,3400.00,2019-01-18,2026-01-19 16:03:50.006 +0200
601,226,Ezbet El Nakhl Auto Parts,retail,auto_parts,18,11,6,95,15000.00,16000.00,3300.00,2016-06-11,2026-01-19 16:03:50.006 +0200
602,227,Ezbet El Nakhl Tyres Shop,retail,auto_parts,20,11,6,100,15500.00,16500.00,3400.00,2015-08-24,2026-01-19 16:03:50.006 +0200
603,228,Ezbet El Nakhl Garage,service,auto_repair,24,10,6,150,19500.00,23000.00,5200.00,2012-05-17,2026-01-19 16:03:50.006 +0200
604,229,Ezbet El Nakhl Fuel Snacks,restaurant,snacks,5,12,7,45,12000.00,9000.00,2300.00,2022-03-05,2026-01-19 16:03:50.006 +0200
605,230,Ezbet El Nakhl Coffee Kiosk,cafe,coffee_beverages,4,11,7,40,11000.00,8500.00,2000.00,2023-01-11,2026-01-19 16:03:50.006 +0200
606,236,Bashtil Station Grocery,grocery,food_items,14,13,7,110,14500.00,16000.00,3200.00,2019-09-19,2026-01-19 16:03:50.006 +0200
607,237,Bashtil Station Snacks,restaurant,snacks,6,12,7,55,14000.00,12000.00,2800.00,2021-04-08,2026-01-19 16:03:50.006 +0200
608,238,Bashtil Station Coffee,cafe,coffee_beverages,5,12,7,50,13500.00,11000.00,2600.00,2022-02-27,2026-01-19 16:03:50.006 +0200
609,239,Bashtil Station Phone Repair,service,mobile_repair,8,10,6,45,13000.00,9500.00,2200.00,2020-10-06,2026-01-19 16:03:50.006 +0200
610,240,Bashtil Station Pharmacy,pharmacy,medicines,12,12,7,60,15000.00,13000.00,3000.00,2018-12-03,2026-01-19 16:03:50.006 +0200
611,241,Meet Halfa Auto Service,service,auto_repair,21,10,6,135,18500.00,21500.00,4700.00,2014-11-12,2026-01-19 16:03:50.006 +0200
612,242,Meet Halfa Tyres Shop,retail,auto_parts,19,11,6,100,16000.00,16500.00,3400.00,2016-04-21,2026-01-19 16:03:50.006 +0200
613,243,Meet Halfa Fuel Snacks,restaurant,snacks,5,12,7,45,12000.00,9000.00,2300.00,2022-07-09,2026-01-19 16:03:50.006 +0200
614,244,Meet Halfa Coffee Kiosk,cafe,coffee_beverages,4,11,7,40,11000.00,8500.00,2000.00,2023-03-18,2026-01-19 16:03:50.006 +0200
615,245,Meet Halfa Grocery Express,grocery,food_items,11,14,7,100,14500.00,16000.00,3200.00,2019-05-28,2026-01-19 16:03:50.006 +0200
616,211,Oseem Night Cafe,cafe,coffee_beverages,7,16,7,85,16500.00,15500.00,4800.00,2020-08-13,2026-01-19 16:03:50.006 +0200
617,212,Oseem Late Grill,restaurant,grilled_food,20,16,7,150,17500.00,29000.00,6200.00,2015-09-06,2026-01-19 16:03:50.006 +0200
618,213,Oseem Convenience Store,grocery,food_items,9,13,7,95,14500.00,15500.00,3000.00,2021-02-22,2026-01-19 16:03:50.006 +0200
619,214,Oseem Vape Shop,retail,vape_products,4,11,6,50,13500.00,9000.00,2100.00,2023-04-02,2026-01-19 16:03:50.006 +0200
620,215,Oseem Car Wash,service,car_wash,14,12,7,140,19500.00,14000.00,4000.00,2017-07-31,2026-01-19 16:03:50.006 +0200
621,216,Manshiyet El Qanater Night Cafe,cafe,coffee_beverages,6,16,7,80,15500.00,14500.00,4700.00,2020-09-19,2026-01-19 16:03:50.006 +0200
622,217,Manshiyet El Qanater Late Grill,restaurant,grilled_food,19,16,7,145,16500.00,28000.00,6100.00,2015-11-11,2026-01-19 16:03:50.006 +0200
623,218,Manshiyet El Qanater Mini Grocery,grocery,food_items,8,13,7,95,14000.00,15000.00,3000.00,2021-03-03,2026-01-19 16:03:50.006 +0200
624,219,Manshiyet El Qanater Phone Accessories,retail,mobile_accessories,5,11,6,50,13000.00,9000.00,2100.00,2022-06-14,2026-01-19 16:03:50.006 +0200
625,220,Manshiyet El Qanater Coffee Corner,cafe,coffee_beverages,7,12,7,70,15000.00,12000.00,2900.00,2021-11-29,2026-01-19 16:03:50.006 +0200
626,221,Qalyub Night Cafe,cafe,coffee_beverages,6,16,7,85,17000.00,15500.00,4900.00,2020-10-07,2026-01-19 16:03:50.006 +0200
627,222,Qalyub Late Grill,restaurant,grilled_food,21,16,7,150,18000.00,30000.00,6400.00,2015-12-19,2026-01-19 16:03:50.006 +0200
628,223,Qalyub Mini Grocery,grocery,food_items,9,13,7,95,14500.00,15500.00,3000.00,2021-01-16,2026-01-19 16:03:50.006 +0200
629,224,Qalyub Phone Accessories,retail,mobile_accessories,5,11,6,50,13000.00,9000.00,2100.00,2022-05-21,2026-01-19 16:03:50.006 +0200
630,225,Qalyub Coffee Kiosk,cafe,coffee_beverages,4,11,7,40,11000.00,8500.00,2000.00,2023-02-08,2026-01-19 16:03:50.006 +0200
631,226,Ezbet El Nakhl Night Cafe,cafe,coffee_beverages,6,16,7,85,16500.00,15500.00,4800.00,2020-09-27,2026-01-19 16:03:50.006 +0200
632,227,Ezbet El Nakhl Late Grill,restaurant,grilled_food,20,16,7,150,17500.00,29000.00,6200.00,2015-10-23,2026-01-19 16:03:50.006 +0200
633,228,Ezbet El Nakhl Mini Grocery,grocery,food_items,9,13,7,95,14000.00,15000.00,3000.00,2021-02-11,2026-01-19 16:03:50.006 +0200
634,229,Ezbet El Nakhl Phone Accessories,retail,mobile_accessories,5,11,6,50,13000.00,9000.00,2100.00,2022-04-16,2026-01-19 16:03:50.006 +0200
635,230,Ezbet El Nakhl Coffee Corner,cafe,coffee_beverages,7,12,7,70,15000.00,12000.00,2900.00,2021-10-20,2026-01-19 16:03:50.006 +0200
636,6,Shubra Central Grocery,grocery,food_items,26,14,7,195,18500.00,36000.00,6800.00,2011-01-14,2026-01-19 16:03:50.006 +0200
637,7,Shubra Grill House,restaurant,grilled_food,29,15,7,180,19000.00,33000.00,7100.00,2010-03-22,2026-01-19 16:03:50.006 +0200
638,8,Shubra Electronics,retail,electronics,18,11,6,130,21000.00,18500.00,4100.00,2017-09-11,2026-01-19 16:03:50.006 +0200
639,9,Shubra Repair Services,service,general_repair,23,10,6,95,18500.00,16500.00,3400.00,2015-05-19,2026-01-19 16:03:50.006 +0200
640,10,Shubra Coffee Stop,cafe,coffee_beverages,14,12,7,105,19000.00,16500.00,3700.00,2019-08-07,2026-01-19 16:03:50.006 +0200
641,7,Rod El Farag Main Grocery,grocery,food_items,25,14,7,190,17500.00,35000.00,6600.00,2012-02-09,2026-01-19 16:03:50.006 +0200
642,7,Rod El Farag Grill Station,restaurant,grilled_food,27,15,7,175,18000.00,32000.00,6900.00,2010-11-15,2026-01-19 16:03:50.006 +0200
643,7,Rod El Farag Electronics Hub,retail,electronics,17,11,6,120,20000.00,18000.00,3900.00,2018-04-04,2026-01-19 16:03:50.006 +0200
644,7,Rod El Farag Repair Center,service,general_repair,22,10,6,90,17500.00,16000.00,3300.00,2016-01-28,2026-01-19 16:03:50.006 +0200
645,7,Rod El Farag Coffee Corner,cafe,coffee_beverages,13,12,7,95,18000.00,16000.00,3600.00,2019-11-03,2026-01-19 16:03:50.006 +0200
646,46,Nasr City Zone 1 Grocery,grocery,food_items,18,14,7,160,26000.00,28000.00,5400.00,2016-01-25,2026-01-19 16:03:50.006 +0200
647,47,Nasr City Zone 1 Grill,restaurant,grilled_food,20,15,7,145,28000.00,27000.00,5800.00,2015-05-11,2026-01-19 16:03:50.006 +0200
648,48,Nasr City Zone 1 Electronics,retail,electronics,13,11,6,110,30000.00,19000.00,3900.00,2020-03-08,2026-01-19 16:03:50.006 +0200
649,49,Nasr City Zone 1 Repair,service,general_repair,16,10,6,80,24000.00,15000.00,3100.00,2017-08-19,2026-01-19 16:03:50.006 +0200
650,50,Nasr City Zone 1 Coffee,cafe,coffee_beverages,8,12,7,90,27000.00,15000.00,3400.00,2021-06-04,2026-01-19 16:03:50.006 +0200
651,21,Nasr City Abbas El Akkad Grocery,grocery,food_items,17,14,7,155,30000.00,26000.00,5200.00,2017-02-03,2026-01-19 16:03:50.006 +0200
652,21,Nasr City Abbas El Akkad Grill,restaurant,grilled_food,19,15,7,140,32000.00,25000.00,5600.00,2016-09-09,2026-01-19 16:03:50.006 +0200
653,21,Nasr City Abbas El Akkad Electronics,retail,electronics,12,11,6,105,34000.00,18000.00,3800.00,2021-01-16,2026-01-19 16:03:50.006 +0200
654,21,Nasr City Abbas El Akkad Repair Center,service,general_repair,15,10,6,75,28000.00,14500.00,3000.00,2018-04-27,2026-01-19 16:03:50.006 +0200
655,21,Nasr City Abbas El Akkad Coffee,cafe,coffee_beverages,7,12,7,85,31000.00,15000.00,3300.00,2022-05-19,2026-01-19 16:03:50.006 +0200
656,22,Nasr City Makram Ebeid Grocery,grocery,food_items,16,14,7,150,29000.00,25000.00,5100.00,2018-06-11,2026-01-19 16:03:50.006 +0200
657,22,Nasr City Makram Ebeid Grill,restaurant,grilled_food,18,15,7,135,31000.00,24000.00,5500.00,2017-11-23,2026-01-19 16:03:50.006 +0200
658,22,Nasr City Makram Ebeid Electronics,retail,electronics,11,11,6,100,33000.00,17000.00,3700.00,2021-09-14,2026-01-19 16:03:50.006 +0200
659,22,Nasr City Makram Ebeid Repair Hub,service,general_repair,14,10,6,70,27000.00,14000.00,2900.00,2018-08-05,2026-01-19 16:03:50.006 +0200
660,22,Nasr City Makram Ebeid Coffee,cafe,coffee_beverages,6,12,7,80,30000.00,14500.00,3200.00,2022-03-07,2026-01-19 16:03:50.006 +0200
661,340,Nasr City Stadium Grocery,grocery,food_items,15,14,7,145,27000.00,24000.00,5000.00,2019-01-09,2026-01-19 16:03:50.006 +0200
662,340,Nasr City Stadium Grill,restaurant,grilled_food,17,15,7,130,29000.00,23000.00,5400.00,2018-07-02,2026-01-19 16:03:50.006 +0200
663,340,Nasr City Stadium Electronics,retail,electronics,10,11,6,95,31000.00,16000.00,3600.00,2022-02-18,2026-01-19 16:03:50.006 +0200
664,340,Nasr City Stadium Repair,service,general_repair,13,10,6,65,25000.00,13500.00,2800.00,2019-10-12,2026-01-19 16:03:50.006 +0200
665,340,Nasr City Stadium Coffee,cafe,coffee_beverages,5,12,7,75,28000.00,14000.00,3100.00,2023-01-21,2026-01-19 16:03:50.006 +0200
666,7,Rod El Farag Station Grocery,grocery,food_items,15,13,7,115,15500.00,17000.00,3300.00,2019-05-14,2026-01-19 16:03:50.006 +0200
667,7,Rod El Farag Station Snacks,restaurant,snacks,7,12,7,60,14500.00,12500.00,2900.00,2021-06-30,2026-01-19 16:03:50.006 +0200
668,7,Rod El Farag Station Coffee,cafe,coffee_beverages,6,12,7,55,14000.00,11500.00,2700.00,2022-11-08,2026-01-19 16:03:50.006 +0200
669,7,Rod El Farag Station Phone Repair,service,mobile_repair,9,10,6,50,13500.00,10000.00,2300.00,2020-04-15,2026-01-19 16:03:50.006 +0200
670,7,Rod El Farag Station Pharmacy,pharmacy,medicines,13,12,7,65,15500.00,13500.00,3100.00,2018-08-12,2026-01-19 16:03:50.006 +0200
671,336,Nasr City Zone 1 Grocery ,grocery,food_items,18,14,7,160,26000.00,28000.00,5400.00,2016-01-25,2026-01-19 16:03:50.006 +0200
672,337,Nasr City Auto Service,service,auto_repair,22,10,6,150,29000.00,23000.00,5000.00,2014-10-18,2026-01-19 16:03:50.006 +0200
673,338,Nasr City Tyres Shop,retail,auto_parts,20,11,6,110,27000.00,18000.00,3600.00,2016-03-05,2026-01-19 16:03:50.006 +0200
674,339,Nasr City Fuel Snacks,restaurant,snacks,6,12,7,55,25000.00,12000.00,2900.00,2022-08-09,2026-01-19 16:03:50.006 +0200
675,340,Nasr City Coffee Kiosk,cafe,coffee_beverages,5,11,7,50,24000.00,10000.00,2400.00,2023-04-13,2026-01-19 16:03:50.006 +0200
676,6,Shubra Night Cafe,cafe,coffee_beverages,8,16,7,95,18500.00,17000.00,5200.00,2020-10-03,2026-01-19 16:03:50.006 +0200
677,7,Shubra Late Grill,restaurant,grilled_food,22,16,7,165,19500.00,31000.00,6600.00,2015-09-27,2026-01-19 16:03:50.006 +0200
678,8,Shubra Mini Grocery,grocery,food_items,10,13,7,105,16000.00,17000.00,3300.00,2021-01-05,2026-01-19 16:03:50.006 +0200
679,9,Shubra Phone Accessories,retail,mobile_accessories,6,11,6,55,15000.00,9500.00,2200.00,2022-05-16,2026-01-19 16:03:50.006 +0200
680,10,Shubra Coffee Kiosk,cafe,coffee_beverages,5,11,7,45,14500.00,9000.00,2100.00,2023-03-19,2026-01-19 16:03:50.006 +0200
681,7,Rod El Farag Night Cafe,cafe,coffee_beverages,7,16,7,90,17500.00,16000.00,5000.00,2020-08-25,2026-01-19 16:03:50.006 +0200
682,7,Rod El Farag Late Grill,restaurant,grilled_food,21,16,7,155,18500.00,30000.00,6400.00,2015-11-06,2026-01-19 16:03:50.006 +0200
683,7,Rod El Farag Mini Grocery,grocery,food_items,9,13,7,95,15000.00,15500.00,3000.00,2021-02-13,2026-01-19 16:03:50.006 +0200
684,7,Rod El Farag Phone Accessories,retail,mobile_accessories,5,11,6,50,14000.00,9000.00,2100.00,2022-04-27,2026-01-19 16:03:50.006 +0200
685,7,Rod El Farag Coffee Kiosk,cafe,coffee_beverages,4,11,7,40,13500.00,8500.00,2000.00,2023-01-29,2026-01-19 16:03:50.006 +0200
686,21,Nasr City Night Cafe,cafe,coffee_beverages,7,16,7,95,28000.00,16500.00,5200.00,2020-10-29,2026-01-19 16:03:50.006 +0200
687,22,Nasr City Late Grill,restaurant,grilled_food,21,16,7,165,30000.00,31000.00,6600.00,2015-11-22,2026-01-19 16:03:50.006 +0200
688,23,Nasr City Mini Grocery,grocery,food_items,9,13,7,100,26000.00,16000.00,3200.00,2021-02-04,2026-01-19 16:03:50.006 +0200
689,24,Nasr City Phone Accessories,retail,mobile_accessories,5,11,6,55,24000.00,9500.00,2200.00,2022-05-30,2026-01-19 16:03:50.006 +0200
690,25,Nasr City Coffee Kiosk,cafe,coffee_beverages,4,11,7,45,23000.00,9000.00,2100.00,2023-03-11,2026-01-19 16:03:50.006 +0200
691,6,Shubra Auto Service,service,auto_repair,24,10,6,150,20000.00,23000.00,4900.00,2013-10-08,2026-01-19 16:03:50.006 +0200
692,7,Shubra Tyres Shop,retail,auto_parts,22,11,6,115,19000.00,18000.00,3700.00,2015-02-16,2026-01-19 16:03:50.006 +0200
693,8,Shubra Fuel Snacks,restaurant,snacks,6,12,7,55,17500.00,12000.00,2900.00,2022-07-18,2026-01-19 16:03:50.006 +0200
694,9,Shubra Grocery Express,grocery,food_items,12,14,7,110,16500.00,17500.00,3500.00,2019-01-29,2026-01-19 16:03:50.006 +0200
695,10,Shubra Coffee Express,cafe,coffee_beverages,8,12,7,75,17000.00,14500.00,3300.00,2021-08-13,2026-01-19 16:03:50.006 +0200
696,7,Rod El Farag Auto Service,service,auto_repair,23,10,6,145,19000.00,22000.00,4800.00,2013-09-16,2026-01-19 16:03:50.006 +0200
697,7,Rod El Farag Tyres Shop,retail,auto_parts,21,11,6,110,18000.00,17500.00,3600.00,2015-06-24,2026-01-19 16:03:50.006 +0200
698,7,Rod El Farag Fuel Snacks,restaurant,snacks,6,12,7,55,16500.00,12000.00,2900.00,2022-08-03,2026-01-19 16:03:50.006 +0200
699,7,Rod El Farag Grocery Express,grocery,food_items,12,14,7,110,15500.00,17000.00,3400.00,2019-02-11,2026-01-19 16:03:50.006 +0200
700,7,Rod El Farag Coffee Express,cafe,coffee_beverages,8,12,7,75,16000.00,14500.00,3300.00,2021-09-04,2026-01-19 16:03:50.006 +0200
701,33,Ain Shams Central Grocery,grocery,food_items,27,14,7,200,17000.00,37000.00,6900.00,2011-01-10,2026-01-19 16:03:50.006 +0200
702,33,Ain Shams Grill House,restaurant,grilled_food,29,15,7,185,17500.00,34000.00,7200.00,2010-02-18,2026-01-19 16:03:50.006 +0200
703,34,Ain Shams Electronics,retail,electronics,18,11,6,140,19500.00,19000.00,4200.00,2017-08-21,2026-01-19 16:03:50.006 +0200
704,34,Ain Shams Repair Services,service,general_repair,23,10,6,105,17500.00,17000.00,3500.00,2015-04-09,2026-01-19 16:03:50.006 +0200
705,35,Ain Shams Coffee Stop,cafe,coffee_beverages,14,12,7,115,18000.00,17000.00,3800.00,2019-09-03,2026-01-19 16:03:50.006 +0200
706,31,El Matareya Main Grocery,grocery,food_items,26,14,7,195,16500.00,36000.00,6800.00,2012-03-14,2026-01-19 16:03:50.006 +0200
707,32,El Matareya Grill Station,restaurant,grilled_food,28,15,7,180,17000.00,33000.00,7100.00,2010-10-05,2026-01-19 16:03:50.006 +0200
708,31,El Matareya Electronics Hub,retail,electronics,17,11,6,135,19000.00,18500.00,4100.00,2018-05-27,2026-01-19 16:03:50.006 +0200
709,32,El Matareya Repair Center,service,general_repair,22,10,6,100,17000.00,16500.00,3400.00,2016-01-16,2026-01-19 16:03:50.006 +0200
710,31,El Matareya Coffee Corner,cafe,coffee_beverages,13,12,7,110,17500.00,16500.00,3700.00,2019-12-08,2026-01-19 16:03:50.006 +0200
711,33,Ain Shams University Grocery,grocery,food_items,15,14,7,150,21000.00,25000.00,5200.00,2016-02-11,2026-01-19 16:03:50.006 +0200
712,33,Ain Shams University Grill,restaurant,fast_food,12,15,7,120,22000.00,24000.00,5600.00,2017-10-07,2026-01-19 16:03:50.006 +0200
713,33,Ain Shams University Electronics,retail,electronics,10,11,6,100,24000.00,17000.00,3800.00,2020-04-22,2026-01-19 16:03:50.006 +0200
714,33,Ain Shams University Repair,service,general_repair,14,10,6,75,20000.00,14500.00,3100.00,2018-06-30,2026-01-19 16:03:50.006 +0200
715,33,Ain Shams University Coffee,cafe,coffee_beverages,8,12,7,90,23000.00,15000.00,3400.00,2021-11-19,2026-01-19 16:03:50.006 +0200
716,26,Heliopolis Fringe Grocery,grocery,food_items,19,14,7,165,26000.00,28000.00,5400.00,2016-04-03,2026-01-19 16:03:50.006 +0200
717,27,Heliopolis Fringe Grill,restaurant,grilled_food,21,15,7,150,28000.00,27000.00,5800.00,2015-09-12,2026-01-19 16:03:50.006 +0200
718,28,Heliopolis Fringe Electronics,retail,electronics,13,11,6,115,30000.00,19000.00,3900.00,2020-02-08,2026-01-19 16:03:50.006 +0200
719,29,Heliopolis Fringe Repair Hub,service,general_repair,16,10,6,85,24000.00,15000.00,3100.00,2017-07-26,2026-01-19 16:03:50.006 +0200
720,30,Heliopolis Fringe Coffee,cafe,coffee_beverages,9,12,7,95,27000.00,15000.00,3400.00,2022-01-14,2026-01-19 16:03:50.006 +0200
721,337,Nasr City East Grocery,grocery,food_items,18,14,7,160,29000.00,26000.00,5200.00,2017-03-21,2026-01-19 16:03:50.006 +0200
722,337,Nasr City East Grill,restaurant,grilled_food,20,15,7,145,31000.00,25000.00,5600.00,2016-11-09,2026-01-19 16:03:50.006 +0200
723,337,Nasr City East Electronics,retail,electronics,12,11,6,110,33000.00,18000.00,3800.00,2021-05-18,2026-01-19 16:03:50.006 +0200
724,337,Nasr City East Repair Center,service,general_repair,15,10,6,80,27000.00,14500.00,3000.00,2018-08-04,2026-01-19 16:03:50.006 +0200
725,337,Nasr City East Coffee Stop,cafe,coffee_beverages,7,12,7,90,30000.00,15000.00,3300.00,2022-06-02,2026-01-19 16:03:50.006 +0200
726,33,Ain Shams Market Fruits,retail,fruits_vegetables,23,13,7,140,16500.00,19000.00,3800.00,2014-05-17,2026-01-19 16:03:50.006 +0200
727,33,Ain Shams Market Meat,retail,meat_products,30,12,7,100,15500.00,20500.00,4000.00,2010-12-02,2026-01-19 16:03:50.006 +0200
728,33,Ain Shams Auto Service,service,auto_repair,25,10,6,150,20000.00,23000.00,4900.00,2013-09-28,2026-01-19 16:03:50.006 +0200
729,33,Ain Shams Mini Cafe,cafe,coffee_beverages,7,11,7,60,14500.00,11000.00,2600.00,2020-08-15,2026-01-19 16:03:50.006 +0200
730,33,Ain Shams Grocery Express,grocery,food_items,13,14,7,110,16000.00,17500.00,3500.00,2019-01-31,2026-01-19 16:03:50.006 +0200
731,31,El Matareya Market Fruits,retail,fruits_vegetables,22,13,7,135,16000.00,18500.00,3700.00,2014-03-09,2026-01-19 16:03:50.006 +0200
732,31,El Matareya Market Meat,retail,meat_products,29,12,7,95,15000.00,20000.00,3900.00,2011-05-27,2026-01-19 16:03:50.006 +0200
733,31,El Matareya Auto Service,service,auto_repair,24,10,6,145,19500.00,22500.00,4800.00,2013-11-13,2026-01-19 16:03:50.006 +0200
734,31,El Matareya Mini Cafe,cafe,coffee_beverages,6,11,7,55,14000.00,10500.00,2400.00,2020-09-24,2026-01-19 16:03:50.006 +0200
735,31,El Matareya Grocery Express,grocery,food_items,12,14,7,105,15500.00,17000.00,3400.00,2019-02-19,2026-01-19 16:03:50.006 +0200
736,34,Ain Shams Night Cafe,cafe,coffee_beverages,8,16,7,95,17500.00,16500.00,5200.00,2020-10-11,2026-01-19 16:03:50.006 +0200
737,34,Ain Shams Late Grill,restaurant,grilled_food,22,16,7,165,18500.00,31000.00,6600.00,2015-12-06,2026-01-19 16:03:50.006 +0200
738,34,Ain Shams Mini Grocery,grocery,food_items,10,13,7,105,15000.00,17000.00,3300.00,2021-02-09,2026-01-19 16:03:50.006 +0200
739,34,Ain Shams Phone Accessories,retail,mobile_accessories,6,11,6,55,14500.00,9500.00,2200.00,2022-04-18,2026-01-19 16:03:50.006 +0200
740,34,Ain Shams Coffee Kiosk,cafe,coffee_beverages,5,11,7,45,14000.00,9000.00,2100.00,2023-03-02,2026-01-19 16:03:50.006 +0200
741,32,El Matareya Night Cafe,cafe,coffee_beverages,7,16,7,90,16500.00,15500.00,5000.00,2020-09-29,2026-01-19 16:03:50.006 +0200
742,32,El Matareya Late Grill,restaurant,grilled_food,21,16,7,155,17500.00,30000.00,6400.00,2015-11-19,2026-01-19 16:03:50.006 +0200
743,32,El Matareya Mini Grocery,grocery,food_items,9,13,7,95,14500.00,15500.00,3000.00,2021-01-22,2026-01-19 16:03:50.006 +0200
744,32,El Matareya Phone Accessories,retail,mobile_accessories,5,11,6,50,14000.00,9000.00,2100.00,2022-06-06,2026-01-19 16:03:50.006 +0200
745,32,El Matareya Coffee Kiosk,cafe,coffee_beverages,4,11,7,40,13500.00,8500.00,2000.00,2023-01-25,2026-01-19 16:03:50.006 +0200
746,26,Heliopolis Fringe Auto Parts,retail,auto_parts,20,11,6,120,26000.00,18000.00,3600.00,2016-08-17,2026-01-19 16:03:50.006 +0200
747,27,Heliopolis Fringe Tyres Shop,retail,auto_parts,22,11,6,125,27000.00,18500.00,3700.00,2015-10-29,2026-01-19 16:03:50.006 +0200
748,28,Heliopolis Fringe Garage,service,auto_repair,26,10,6,170,30000.00,25000.00,5200.00,2012-06-13,2026-01-19 16:03:50.006 +0200
749,29,Heliopolis Fringe Fuel Snacks,restaurant,snacks,6,12,7,55,25000.00,12000.00,2900.00,2022-09-01,2026-01-19 16:03:50.006 +0200
750,30,Heliopolis Fringe Grocery Express,grocery,food_items,11,14,7,105,24500.00,17000.00,3400.00,2019-07-07,2026-01-19 16:03:50.006 +0200
